-- MySQL dump 10.13  Distrib 8.0.18, for Win64 (x86_64)
--
-- Host: localhost    Database: iste500
-- ------------------------------------------------------
-- Server version	8.0.18

/*!40101 SET @OLD_CHARACTER_SET_CLIENT=@@CHARACTER_SET_CLIENT */;
/*!40101 SET @OLD_CHARACTER_SET_RESULTS=@@CHARACTER_SET_RESULTS */;
/*!40101 SET @OLD_COLLATION_CONNECTION=@@COLLATION_CONNECTION */;
/*!50503 SET NAMES utf8mb4 */;
/*!40103 SET @OLD_TIME_ZONE=@@TIME_ZONE */;
/*!40103 SET TIME_ZONE='+00:00' */;
/*!40014 SET @OLD_UNIQUE_CHECKS=@@UNIQUE_CHECKS, UNIQUE_CHECKS=0 */;
/*!40014 SET @OLD_FOREIGN_KEY_CHECKS=@@FOREIGN_KEY_CHECKS, FOREIGN_KEY_CHECKS=0 */;
/*!40101 SET @OLD_SQL_MODE=@@SQL_MODE, SQL_MODE='NO_AUTO_VALUE_ON_ZERO' */;
/*!40111 SET @OLD_SQL_NOTES=@@SQL_NOTES, SQL_NOTES=0 */;

--
-- Table structure for table `advisor`
--

DROP TABLE IF EXISTS `advisor`;
/*!40101 SET @saved_cs_client     = @@character_set_client */;
/*!50503 SET character_set_client = utf8mb4 */;
CREATE TABLE `advisor` (
  `advisor_id` int(11) NOT NULL AUTO_INCREMENT,
  `first_name` varchar(24) NOT NULL,
  `middle_name` varchar(24) DEFAULT NULL,
  `last_name` varchar(24) NOT NULL,
  `ritEmail` varchar(30) NOT NULL,
  `portrait_url` varchar(240) DEFAULT NULL,
  `enabled` tinyint(1) NOT NULL DEFAULT '1',
  PRIMARY KEY (`advisor_id`),
  UNIQUE KEY `ritEmail` (`ritEmail`)
) ENGINE=InnoDB AUTO_INCREMENT=5 DEFAULT CHARSET=utf8;
/*!40101 SET character_set_client = @saved_cs_client */;

--
-- Dumping data for table `advisor`
--

LOCK TABLES `advisor` WRITE;
/*!40000 ALTER TABLE `advisor` DISABLE KEYS */;
INSERT INTO `advisor` VALUES (1,'Melody',NULL,'Jackson','zxc1234@rit.edu',NULL,1),(2,'Betty',NULL,'John','qwe1234@rit.edu',NULL,1),(3,'Betty',NULL,'Jackson','jkl1234@rit.edu',NULL,1),(4,'Melody',NULL,'John','abc1234@rit.edu',NULL,1);
/*!40000 ALTER TABLE `advisor` ENABLE KEYS */;
UNLOCK TABLES;

--
-- Table structure for table `reason`
--

DROP TABLE IF EXISTS `reason`;
/*!40101 SET @saved_cs_client     = @@character_set_client */;
/*!50503 SET character_set_client = utf8mb4 */;
CREATE TABLE `reason` (
  `reason_id` int(11) NOT NULL AUTO_INCREMENT,
  `reason_name` varchar(64) NOT NULL,
  `needsAppt` tinyint(1) NOT NULL DEFAULT '0',
  PRIMARY KEY (`reason_id`)
) ENGINE=InnoDB AUTO_INCREMENT=5 DEFAULT CHARSET=utf8;
/*!40101 SET character_set_client = @saved_cs_client */;

--
-- Dumping data for table `reason`
--

LOCK TABLES `reason` WRITE;
/*!40000 ALTER TABLE `reason` DISABLE KEYS */;
INSERT INTO `reason` VALUES (1,'reason a',0),(2,'reason b',0),(3,'reason c',1),(4,'reason d',1);
/*!40000 ALTER TABLE `reason` ENABLE KEYS */;
UNLOCK TABLES;

--
-- Table structure for table `registration`
--

DROP TABLE IF EXISTS `registration`;
/*!40101 SET @saved_cs_client     = @@character_set_client */;
/*!50503 SET character_set_client = utf8mb4 */;
CREATE TABLE `registration` (
  `registration_id` int(11) NOT NULL AUTO_INCREMENT,
  `advisor_id` int(11) NOT NULL,
  `check_in_time` datetime NOT NULL,
  `check_out_time` datetime DEFAULT NULL,
  `scheduled` tinyint(1) NOT NULL,
  `student_username` varchar(10) NOT NULL,
  `student_name` varchar(24) NOT NULL,
  `meeting_start_time` datetime DEFAULT NULL,
  PRIMARY KEY (`registration_id`),
  KEY `registration_advisor_fk` (`advisor_id`),
  CONSTRAINT `registration_advisor_fk` FOREIGN KEY (`advisor_id`) REFERENCES `advisor` (`advisor_id`)
) ENGINE=InnoDB AUTO_INCREMENT=481 DEFAULT CHARSET=utf8;
/*!40101 SET character_set_client = @saved_cs_client */;

--
-- Dumping data for table `registration`
--

LOCK TABLES `registration` WRITE;
/*!40000 ALTER TABLE `registration` DISABLE KEYS */;
INSERT INTO `registration` VALUES (1,2,'2021-10-01 08:00:00','2021-10-01 08:19:00',0,'xng3578','zelqq spesq','2021-10-01 08:09:00'),(2,1,'2021-10-01 08:20:00','2021-10-01 08:58:00',1,'rnk4685','irnwy zchku','2021-10-01 08:28:00'),(3,3,'2021-10-01 09:01:00','2021-10-01 09:12:00',0,'wsy2615','dlewv givcn','2021-10-01 09:02:00'),(4,2,'2021-10-01 09:15:00','2021-10-01 09:49:00',1,'pfk4444','wwndo ycyro','2021-10-01 09:19:00'),(5,4,'2021-10-01 09:52:00','2021-10-01 10:09:00',0,'ylj5844','vadzf cyjjj','2021-10-01 09:59:00'),(6,4,'2021-10-01 10:10:00','2021-10-01 10:30:00',0,'vab8786','rnsbu qvwtf','2021-10-01 10:20:00'),(7,4,'2021-10-01 10:32:00','2021-10-01 10:49:00',0,'ske3464','xrbxd zfsen','2021-10-01 10:39:00'),(8,4,'2021-10-01 10:50:00','2021-10-01 11:23:00',1,'tpf4288','yyqhf jueey','2021-10-01 10:53:00'),(9,4,'2021-10-01 11:27:00','2021-10-01 12:02:00',1,'bfa2125','bwacq olqfo','2021-10-01 11:32:00'),(10,4,'2021-10-01 12:04:00','2021-10-01 12:40:00',1,'kme3624','brvbt tocah','2021-10-01 12:10:00'),(11,4,'2021-10-01 12:42:00','2021-10-01 13:02:00',0,'pul6618','suwlp okiic','2021-10-01 12:52:00'),(12,4,'2021-10-01 13:05:00','2021-10-01 13:45:00',1,'nfm6287','pvxid vmjar','2021-10-01 13:15:00'),(13,1,'2021-10-01 13:46:00','2021-10-01 13:59:00',0,'vxo2261','qvprl bbgpx','2021-10-01 13:49:00'),(14,3,'2021-10-01 14:03:00','2021-10-01 14:14:00',0,'ing7483','qsrli xrjvl','2021-10-01 14:04:00'),(15,2,'2021-10-01 14:16:00','2021-10-01 14:47:00',1,'xbw6424','xmfvk avuic','2021-10-01 14:17:00'),(16,4,'2021-10-01 14:48:00','2021-10-01 15:25:00',1,'mvg7743','mkbnn pseuo','2021-10-01 14:55:00'),(17,4,'2021-10-02 08:00:00','2021-10-02 08:36:00',1,'rhh3447','ptcou gayiz','2021-10-02 08:06:00'),(18,2,'2021-10-02 08:39:00','2021-10-02 09:16:00',1,'nwu8358','crbna tilhx','2021-10-02 08:46:00'),(19,4,'2021-10-02 09:18:00','2021-10-02 09:49:00',1,'kvw4473','srxkt sylkf','2021-10-02 09:19:00'),(20,2,'2021-10-02 09:51:00','2021-10-02 10:10:00',0,'skd6254','wywuv ndkky','2021-10-02 10:00:00'),(21,1,'2021-10-02 10:11:00','2021-10-02 10:46:00',1,'cyf8861','iqahg qyuds','2021-10-02 10:16:00'),(22,3,'2021-10-02 10:48:00','2021-10-02 11:28:00',1,'spq4152','lquzr gbnmt','2021-10-02 10:58:00'),(23,2,'2021-10-02 11:33:00','2021-10-02 12:10:00',1,'ssy2886','tebew hdhhr','2021-10-02 11:40:00'),(24,3,'2021-10-02 12:15:00','2021-10-02 12:32:00',0,'ugj5522','bsmip pagpw','2021-10-02 12:22:00'),(25,2,'2021-10-02 12:33:00','2021-10-02 13:04:00',1,'mzh3157','ceijj piqmc','2021-10-02 12:34:00'),(26,2,'2021-10-02 13:08:00','2021-10-02 13:40:00',1,'udr4157','ojzcc nijyx','2021-10-02 13:10:00'),(27,1,'2021-10-02 13:42:00','2021-10-02 14:02:00',0,'qdm5877','jfmdb hujho','2021-10-02 13:52:00'),(28,2,'2021-10-02 14:04:00','2021-10-02 14:24:00',0,'uyj1645','zmgly prmdx','2021-10-02 14:14:00'),(29,3,'2021-10-02 14:27:00','2021-10-02 15:06:00',1,'rbq6176','qntnr yqufk','2021-10-02 14:36:00'),(30,2,'2021-10-02 15:10:00','2021-10-02 15:27:00',0,'ikn5557','pbonl rfbdt','2021-10-02 15:17:00'),(31,2,'2021-10-02 15:30:00','2021-10-02 15:50:00',0,'oob7125','thlss nnpqe','2021-10-02 15:40:00'),(32,3,'2021-10-02 15:51:00','2021-10-02 16:08:00',0,'zfj5551','vkgri uhdey','2021-10-02 15:58:00'),(33,4,'2021-10-03 08:00:00','2021-10-03 08:15:00',0,'fzw4844','kqzwu gmkwu','2021-10-03 08:05:00'),(34,2,'2021-10-03 08:17:00','2021-10-03 08:49:00',1,'cwj3522','mwpve pqiri','2021-10-03 08:19:00'),(35,3,'2021-10-03 08:52:00','2021-10-03 09:11:00',0,'yco5234','mypzk obnxf','2021-10-03 09:01:00'),(36,2,'2021-10-03 09:16:00','2021-10-03 09:52:00',1,'xye3181','zeltm ckpnc','2021-10-03 09:22:00'),(37,1,'2021-10-03 09:53:00','2021-10-03 10:28:00',1,'iga1387','jugvo mcpbn','2021-10-03 09:58:00'),(38,1,'2021-10-03 10:32:00','2021-10-03 10:49:00',0,'cbv1388','npbju qyomh','2021-10-03 10:39:00'),(39,3,'2021-10-03 10:50:00','2021-10-03 11:10:00',0,'bof5785','dxple kkavk','2021-10-03 11:00:00'),(40,2,'2021-10-03 11:14:00','2021-10-03 11:34:00',0,'akt7553','kpvci whcxf','2021-10-03 11:24:00'),(41,4,'2021-10-03 11:36:00','2021-10-03 12:14:00',1,'xgd4167','urbcw vsuog','2021-10-03 11:44:00'),(42,2,'2021-10-03 12:17:00','2021-10-03 12:34:00',0,'dhn8842','wcvhp djaom','2021-10-03 12:24:00'),(43,2,'2021-10-03 12:35:00','2021-10-03 13:09:00',1,'ngv3311','fziqf yoemq','2021-10-03 12:39:00'),(44,3,'2021-10-03 13:12:00','2021-10-03 13:52:00',1,'ath1876','ecahn evgco','2021-10-03 13:22:00'),(45,1,'2021-10-03 13:55:00','2021-10-03 14:32:00',1,'hmb5322','acukn pcyaw','2021-10-03 14:02:00'),(46,2,'2021-10-03 14:34:00','2021-10-03 14:46:00',0,'zag7384','coygb xollu','2021-10-03 14:36:00'),(47,1,'2021-10-03 14:49:00','2021-10-03 15:06:00',0,'erq7472','cwuid xhvor','2021-10-03 14:56:00'),(48,3,'2021-10-03 15:10:00','2021-10-03 15:41:00',1,'kzf6584','ltsvt mstun','2021-10-03 15:11:00'),(49,3,'2021-10-04 08:00:00','2021-10-04 08:31:00',1,'znf2736','fthwe gbjel','2021-10-04 08:01:00'),(50,2,'2021-10-04 08:32:00','2021-10-04 09:06:00',1,'xzh4643','amcxc mxrwk','2021-10-04 08:36:00'),(51,4,'2021-10-04 09:09:00','2021-10-04 09:49:00',1,'yhw3731','tzofp yfaei','2021-10-04 09:19:00'),(52,1,'2021-10-04 09:54:00','2021-10-04 10:33:00',1,'oqs6544','iomqm irqqv','2021-10-04 10:03:00'),(53,1,'2021-10-04 10:37:00','2021-10-04 11:12:00',1,'glc3431','nppyd aiewh','2021-10-04 10:42:00'),(54,4,'2021-10-04 11:15:00','2021-10-04 11:48:00',1,'cvf1624','aupkn sqbtk','2021-10-04 11:18:00'),(55,4,'2021-10-04 11:52:00','2021-10-04 12:32:00',1,'stw4373','qiosg mlrzd','2021-10-04 12:02:00'),(56,2,'2021-10-04 12:35:00','2021-10-04 12:47:00',0,'zyg5621','tqwbl dsmgy','2021-10-04 12:37:00'),(57,1,'2021-10-04 12:51:00','2021-10-04 13:23:00',1,'ysw1661','tlrbd kiahk','2021-10-04 12:53:00'),(58,3,'2021-10-04 13:25:00','2021-10-04 13:44:00',0,'krt4167','widcf wdxvo','2021-10-04 13:34:00'),(59,1,'2021-10-04 13:47:00','2021-10-04 14:00:00',0,'epg3823','yzuau uxhgj','2021-10-04 13:50:00'),(60,2,'2021-10-04 14:01:00','2021-10-04 14:21:00',0,'ohg7364','dnqsg paina','2021-10-04 14:11:00'),(61,3,'2021-10-04 14:26:00','2021-10-04 14:43:00',0,'row7678','qkrrg yegfb','2021-10-04 14:33:00'),(62,1,'2021-10-04 14:46:00','2021-10-04 14:57:00',0,'mcm5274','esyhm hoggx','2021-10-04 14:47:00'),(63,3,'2021-10-04 15:02:00','2021-10-04 15:14:00',0,'gwf2244','peqlj zllgj','2021-10-04 15:04:00'),(64,2,'2021-10-04 15:19:00','2021-10-04 15:30:00',0,'jxq3746','pdnxe dfxmn','2021-10-04 15:20:00'),(65,1,'2021-10-05 08:00:00','2021-10-05 08:11:00',0,'dvz5873','tfmzs jewxi','2021-10-05 08:01:00'),(66,3,'2021-10-05 08:13:00','2021-10-05 08:47:00',1,'wqj3882','iyywx birmv','2021-10-05 08:17:00'),(67,3,'2021-10-05 08:52:00','2021-10-05 09:09:00',0,'rwm3716','ihbim qqibj','2021-10-05 08:59:00'),(68,1,'2021-10-05 09:12:00','2021-10-05 09:27:00',0,'wwj7171','zdglt vqhxt','2021-10-05 09:17:00'),(69,1,'2021-10-05 09:30:00','2021-10-05 09:50:00',0,'qkx5566','wrkpi alywr','2021-10-05 09:40:00'),(70,4,'2021-10-05 09:54:00','2021-10-05 10:06:00',0,'fup2422','gaerv razdr','2021-10-05 09:56:00'),(71,4,'2021-10-05 10:10:00','2021-10-05 10:29:00',0,'pmz4653','dhjme irmtv','2021-10-05 10:19:00'),(72,2,'2021-10-05 10:34:00','2021-10-05 10:51:00',0,'yip5133','vvkvh vhvgx','2021-10-05 10:41:00'),(73,2,'2021-10-05 10:55:00','2021-10-05 11:12:00',0,'tkx5131','ugyyl jdicp','2021-10-05 11:02:00'),(74,2,'2021-10-05 11:15:00','2021-10-05 11:32:00',0,'qih3845','hzmaa hvlhg','2021-10-05 11:22:00'),(75,3,'2021-10-05 11:34:00','2021-10-05 11:50:00',0,'wne8724','rvlal qeqxx','2021-10-05 11:40:00'),(76,4,'2021-10-05 11:51:00','2021-10-05 12:25:00',1,'vow8388','rkgqt iuhlf','2021-10-05 11:55:00'),(77,2,'2021-10-05 12:26:00','2021-10-05 12:38:00',0,'quz7624','rwjdn oxyiz','2021-10-05 12:28:00'),(78,3,'2021-10-05 12:41:00','2021-10-05 12:54:00',0,'zfb2616','cmhnw gtyjd','2021-10-05 12:44:00'),(79,1,'2021-10-05 12:58:00','2021-10-05 13:15:00',0,'kaj7671','ssyek ovjpa','2021-10-05 13:05:00'),(80,3,'2021-10-05 13:17:00','2021-10-05 13:32:00',0,'xhy4547','devjm nfuvu','2021-10-05 13:22:00'),(81,4,'2021-10-06 08:00:00','2021-10-06 08:38:00',1,'isw4514','koibd qvcpu','2021-10-06 08:08:00'),(82,4,'2021-10-06 08:42:00','2021-10-06 08:54:00',0,'ojb3516','iwndq cgzzh','2021-10-06 08:44:00'),(83,1,'2021-10-06 08:59:00','2021-10-06 09:15:00',0,'veo4382','shxqo rbatd','2021-10-06 09:05:00'),(84,2,'2021-10-06 09:18:00','2021-10-06 09:38:00',0,'bzk5375','uiczd rgrag','2021-10-06 09:28:00'),(85,2,'2021-10-06 09:39:00','2021-10-06 10:16:00',1,'ihy8221','rkxnf grfmy','2021-10-06 09:46:00'),(86,2,'2021-10-06 10:17:00','2021-10-06 10:57:00',1,'hec6886','makfc mbosp','2021-10-06 10:27:00'),(87,3,'2021-10-06 11:00:00','2021-10-06 11:39:00',1,'jnx8178','jkzpd qpqmo','2021-10-06 11:09:00'),(88,4,'2021-10-06 11:41:00','2021-10-06 11:56:00',0,'skm6873','ezlib tlzay','2021-10-06 11:46:00'),(89,2,'2021-10-06 11:59:00','2021-10-06 12:16:00',0,'zfy6854','qjric gdqqb','2021-10-06 12:06:00'),(90,3,'2021-10-06 12:21:00','2021-10-06 12:36:00',0,'zza6155','tdtmc wbmml','2021-10-06 12:26:00'),(91,4,'2021-10-06 12:40:00','2021-10-06 12:55:00',0,'aeh6227','nibun baahf','2021-10-06 12:45:00'),(92,1,'2021-10-06 12:58:00','2021-10-06 13:37:00',1,'agr5442','jaftv ijegz','2021-10-06 13:07:00'),(93,4,'2021-10-06 13:42:00','2021-10-06 13:58:00',0,'lte5684','ffpvv xqubp','2021-10-06 13:48:00'),(94,1,'2021-10-06 13:59:00','2021-10-06 14:12:00',0,'lnd5725','vfuyb aelky','2021-10-06 14:02:00'),(95,4,'2021-10-06 14:16:00','2021-10-06 14:52:00',1,'dio1365','fdzva wqbgr','2021-10-06 14:22:00'),(96,3,'2021-10-06 14:55:00','2021-10-06 15:34:00',1,'dly1133','easma tgddl','2021-10-06 15:04:00'),(97,3,'2021-10-07 08:00:00','2021-10-07 08:40:00',1,'qhs8841','rigdq qwefn','2021-10-07 08:10:00'),(98,4,'2021-10-07 08:43:00','2021-10-07 09:02:00',0,'wij6185','lxsks vzlbr','2021-10-07 08:52:00'),(99,1,'2021-10-07 09:06:00','2021-10-07 09:22:00',0,'trn3374','slytt ktnfy','2021-10-07 09:12:00'),(100,1,'2021-10-07 09:23:00','2021-10-07 09:39:00',0,'bsu8545','qtofe pepmk','2021-10-07 09:29:00'),(101,3,'2021-10-07 09:43:00','2021-10-07 09:57:00',0,'hrw1282','rtxlx cidwp','2021-10-07 09:47:00'),(102,3,'2021-10-07 09:58:00','2021-10-07 10:12:00',0,'dmq5452','xpgwd jgpuu','2021-10-07 10:02:00'),(103,4,'2021-10-07 10:17:00','2021-10-07 10:53:00',1,'lzf6125','twmzw jendy','2021-10-07 10:23:00'),(104,4,'2021-10-07 10:55:00','2021-10-07 11:11:00',0,'mdr6535','reyer lfbye','2021-10-07 11:01:00'),(105,3,'2021-10-07 11:12:00','2021-10-07 11:47:00',1,'ceo6578','yxsoa rgwjk','2021-10-07 11:17:00'),(106,3,'2021-10-07 11:51:00','2021-10-07 12:30:00',1,'evh8365','wanxh xhcsn','2021-10-07 12:00:00'),(107,3,'2021-10-07 12:31:00','2021-10-07 13:04:00',1,'feu8364','tzlfh imwdg','2021-10-07 12:34:00'),(108,2,'2021-10-07 13:08:00','2021-10-07 13:44:00',1,'mzq6856','segox rexux','2021-10-07 13:14:00'),(109,2,'2021-10-07 13:45:00','2021-10-07 14:16:00',1,'scr3342','mhslc wladf','2021-10-07 13:46:00'),(110,2,'2021-10-07 14:20:00','2021-10-07 14:59:00',1,'qml3248','elkhw krnda','2021-10-07 14:29:00'),(111,3,'2021-10-07 15:04:00','2021-10-07 15:35:00',1,'lwu8132','bwvcw iozcs','2021-10-07 15:05:00'),(112,1,'2021-10-07 15:40:00','2021-10-07 15:57:00',0,'faj1534','vsfxz mhnqg','2021-10-07 15:47:00'),(113,2,'2021-10-08 08:00:00','2021-10-08 08:15:00',0,'epd4747','pqmxv bxebf','2021-10-08 08:05:00'),(114,4,'2021-10-08 08:20:00','2021-10-08 08:52:00',1,'ljo2111','lnxyf zwyzv','2021-10-08 08:22:00'),(115,1,'2021-10-08 08:55:00','2021-10-08 09:13:00',0,'lkt1142','vqsdp exkct','2021-10-08 09:03:00'),(116,3,'2021-10-08 09:15:00','2021-10-08 09:26:00',0,'ihl6823','xmids uchpm','2021-10-08 09:16:00'),(117,3,'2021-10-08 09:30:00','2021-10-08 09:43:00',0,'bsm4551','ucdle iqbdd','2021-10-08 09:33:00'),(118,2,'2021-10-08 09:45:00','2021-10-08 10:23:00',1,'mug5113','wcjzv uvsmq','2021-10-08 09:53:00'),(119,4,'2021-10-08 10:26:00','2021-10-08 11:00:00',1,'ygc5723','xgnod prqej','2021-10-08 10:30:00'),(120,3,'2021-10-08 11:05:00','2021-10-08 11:44:00',1,'rqk1418','ygznv fkkex','2021-10-08 11:14:00'),(121,4,'2021-10-08 11:48:00','2021-10-08 12:07:00',0,'vlm5745','rhndq pbmgo','2021-10-08 11:57:00'),(122,2,'2021-10-08 12:10:00','2021-10-08 12:30:00',0,'uqi1514','dsmha vadyh','2021-10-08 12:20:00'),(123,3,'2021-10-08 12:32:00','2021-10-08 13:09:00',1,'xvj7122','fkgpn vvmwh','2021-10-08 12:39:00'),(124,4,'2021-10-08 13:11:00','2021-10-08 13:25:00',0,'eob6153','srttg fopmx','2021-10-08 13:15:00'),(125,1,'2021-10-08 13:28:00','2021-10-08 14:00:00',1,'uex5355','xqkej qvfru','2021-10-08 13:30:00'),(126,2,'2021-10-08 14:05:00','2021-10-08 14:39:00',1,'gom1557','lwils xwrob','2021-10-08 14:09:00'),(127,4,'2021-10-08 14:43:00','2021-10-08 14:56:00',0,'gdi7376','lyrtx tazeg','2021-10-08 14:46:00'),(128,4,'2021-10-08 14:59:00','2021-10-08 15:19:00',0,'jpr2777','onohf hzcdz','2021-10-08 15:09:00'),(129,2,'2021-10-09 08:00:00','2021-10-09 08:35:00',1,'rmp6753','lbnpf eoems','2021-10-09 08:05:00'),(130,3,'2021-10-09 08:38:00','2021-10-09 08:51:00',0,'hls7871','eqncr bxxgq','2021-10-09 08:41:00'),(131,4,'2021-10-09 08:52:00','2021-10-09 09:31:00',1,'muv3657','kwekv bhung','2021-10-09 09:01:00'),(132,1,'2021-10-09 09:36:00','2021-10-09 09:49:00',0,'lvv6355','sozmx jpsvh','2021-10-09 09:39:00'),(133,1,'2021-10-09 09:51:00','2021-10-09 10:04:00',0,'cfm2722','izect csgbi','2021-10-09 09:54:00'),(134,1,'2021-10-09 10:07:00','2021-10-09 10:19:00',0,'dmd7141','aaaoj edntm','2021-10-09 10:09:00'),(135,1,'2021-10-09 10:21:00','2021-10-09 10:41:00',0,'rsm7888','srein qguxt','2021-10-09 10:31:00'),(136,1,'2021-10-09 10:42:00','2021-10-09 11:20:00',1,'mvx3671','jjtvr ffvck','2021-10-09 10:50:00'),(137,1,'2021-10-09 11:24:00','2021-10-09 11:39:00',0,'adj2842','sktbh qijgf','2021-10-09 11:29:00'),(138,2,'2021-10-09 11:41:00','2021-10-09 11:53:00',0,'njv6687','vsfsh witia','2021-10-09 11:43:00'),(139,1,'2021-10-09 11:57:00','2021-10-09 12:08:00',0,'vyh6188','wdkla vcpve','2021-10-09 11:58:00'),(140,1,'2021-10-09 12:13:00','2021-10-09 12:53:00',1,'wqf1648','bjlyb quxsy','2021-10-09 12:23:00'),(141,2,'2021-10-09 12:55:00','2021-10-09 13:08:00',0,'lth3863','xpsxv zdfwo','2021-10-09 12:58:00'),(142,2,'2021-10-09 13:11:00','2021-10-09 13:22:00',0,'uhg6467','kvnmr cqtzy','2021-10-09 13:12:00'),(143,3,'2021-10-09 13:23:00','2021-10-09 13:59:00',1,'cjx6211','tvjny niujs','2021-10-09 13:29:00'),(144,1,'2021-10-09 14:04:00','2021-10-09 14:40:00',1,'uqp5827','urcvr dysev','2021-10-09 14:10:00'),(145,2,'2021-10-10 08:00:00','2021-10-10 08:18:00',0,'yuy4222','dyelk yfvyl','2021-10-10 08:08:00'),(146,2,'2021-10-10 08:19:00','2021-10-10 08:36:00',0,'hek3415','skvoe wvrhx','2021-10-10 08:26:00'),(147,3,'2021-10-10 08:40:00','2021-10-10 09:19:00',1,'ynx6621','bvfnp skxwv','2021-10-10 08:49:00'),(148,3,'2021-10-10 09:23:00','2021-10-10 09:35:00',0,'tru6765','jcdxt stqmk','2021-10-10 09:25:00'),(149,3,'2021-10-10 09:37:00','2021-10-10 10:13:00',1,'bhf7168','yyrqz gknah','2021-10-10 09:43:00'),(150,3,'2021-10-10 10:16:00','2021-10-10 10:33:00',0,'vvc5242','pfqco exiqg','2021-10-10 10:23:00'),(151,2,'2021-10-10 10:38:00','2021-10-10 11:13:00',1,'fmz3323','imngn iimnh','2021-10-10 10:43:00'),(152,2,'2021-10-10 11:18:00','2021-10-10 11:57:00',1,'bim3711','swgiq auakm','2021-10-10 11:27:00'),(153,3,'2021-10-10 11:59:00','2021-10-10 12:11:00',0,'aku8388','dvqwx lzcjf','2021-10-10 12:01:00'),(154,3,'2021-10-10 12:13:00','2021-10-10 12:28:00',0,'ukq3441','jlqac ozrht','2021-10-10 12:18:00'),(155,1,'2021-10-10 12:33:00','2021-10-10 13:11:00',1,'zyq7213','rkdol wofcb','2021-10-10 12:41:00'),(156,4,'2021-10-10 13:13:00','2021-10-10 13:31:00',0,'ppq5681','fpabx mervv','2021-10-10 13:21:00'),(157,1,'2021-10-10 13:33:00','2021-10-10 14:05:00',1,'kjt5772','viulw fsoye','2021-10-10 13:35:00'),(158,3,'2021-10-10 14:07:00','2021-10-10 14:21:00',0,'fkp8456','uwtft dunxu','2021-10-10 14:11:00'),(159,4,'2021-10-10 14:23:00','2021-10-10 14:37:00',0,'jgg8414','wxzgm bgmna','2021-10-10 14:27:00'),(160,3,'2021-10-10 14:42:00','2021-10-10 15:01:00',0,'flv3213','dpvqx yctga','2021-10-10 14:51:00'),(161,1,'2021-10-11 08:00:00','2021-10-11 08:32:00',1,'xbw8128','vcnaq fdonr','2021-10-11 08:02:00'),(162,2,'2021-10-11 08:34:00','2021-10-11 08:49:00',0,'yao6728','tylqp nizrn','2021-10-11 08:39:00'),(163,4,'2021-10-11 08:53:00','2021-10-11 09:25:00',1,'yyt8124','ujfwx bbbsj','2021-10-11 08:55:00'),(164,2,'2021-10-11 09:26:00','2021-10-11 09:41:00',0,'jfh8334','wbhix factp','2021-10-11 09:31:00'),(165,2,'2021-10-11 09:45:00','2021-10-11 10:05:00',0,'tpf2752','ywusv agrpl','2021-10-11 09:55:00'),(166,4,'2021-10-11 10:08:00','2021-10-11 10:20:00',0,'pfn6812','tjiie otxgo','2021-10-11 10:10:00'),(167,4,'2021-10-11 10:25:00','2021-10-11 11:05:00',1,'tql8272','ygrdx vywbf','2021-10-11 10:35:00'),(168,1,'2021-10-11 11:08:00','2021-10-11 11:24:00',0,'kke5547','ucopc dctjw','2021-10-11 11:14:00'),(169,4,'2021-10-11 11:27:00','2021-10-11 12:07:00',1,'zqr4577','zmanq cpxdu','2021-10-11 11:37:00'),(170,3,'2021-10-11 12:09:00','2021-10-11 12:26:00',0,'nxi7553','lxull qzvga','2021-10-11 12:16:00'),(171,4,'2021-10-11 12:27:00','2021-10-11 12:58:00',1,'eue5286','kscen dxtbc','2021-10-11 12:28:00'),(172,2,'2021-10-11 12:59:00','2021-10-11 13:14:00',0,'hbr7878','rjcvs dtecj','2021-10-11 13:04:00'),(173,3,'2021-10-11 13:17:00','2021-10-11 13:48:00',1,'asl4182','lzhlg rzxqe','2021-10-11 13:18:00'),(174,4,'2021-10-11 13:49:00','2021-10-11 14:05:00',0,'qmw3748','vyucf gribp','2021-10-11 13:55:00'),(175,1,'2021-10-11 14:06:00','2021-10-11 14:42:00',1,'ipd1362','vbrzk torpk','2021-10-11 14:12:00'),(176,4,'2021-10-11 14:46:00','2021-10-11 15:26:00',1,'slt8738','qhdln btzjb','2021-10-11 14:56:00'),(177,4,'2021-10-12 08:00:00','2021-10-12 08:16:00',0,'unt7475','cmgfp sfwcm','2021-10-12 08:06:00'),(178,2,'2021-10-12 08:19:00','2021-10-12 08:59:00',1,'jzg1545','xmcka xsjns','2021-10-12 08:29:00'),(179,3,'2021-10-12 09:04:00','2021-10-12 09:40:00',1,'scf5834','hjsqg yvvge','2021-10-12 09:10:00'),(180,2,'2021-10-12 09:42:00','2021-10-12 10:18:00',1,'diz3682','zyrja xqrmt','2021-10-12 09:48:00'),(181,3,'2021-10-12 10:23:00','2021-10-12 11:02:00',1,'zrk2845','deymn hjnra','2021-10-12 10:32:00'),(182,4,'2021-10-12 11:03:00','2021-10-12 11:18:00',0,'ldw7618','zrryc jzthf','2021-10-12 11:08:00'),(183,2,'2021-10-12 11:21:00','2021-10-12 11:34:00',0,'mhn7825','zxmse dpsqe','2021-10-12 11:24:00'),(184,3,'2021-10-12 11:38:00','2021-10-12 11:49:00',0,'bns6656','cecub dyfbj','2021-10-12 11:39:00'),(185,2,'2021-10-12 11:52:00','2021-10-12 12:11:00',0,'wpw6886','qvxdt jiojh','2021-10-12 12:01:00'),(186,4,'2021-10-12 12:16:00','2021-10-12 12:50:00',1,'izb2323','lxfcm leyot','2021-10-12 12:20:00'),(187,1,'2021-10-12 12:52:00','2021-10-12 13:28:00',1,'yjc2138','zfcyp lzvhc','2021-10-12 12:58:00'),(188,2,'2021-10-12 13:31:00','2021-10-12 13:45:00',0,'qeh4627','mtjmj bjvtq','2021-10-12 13:35:00'),(189,4,'2021-10-12 13:50:00','2021-10-12 14:02:00',0,'mow2535','ashuf erocy','2021-10-12 13:52:00'),(190,4,'2021-10-12 14:03:00','2021-10-12 14:19:00',0,'oiz3576','wfcnh dqktm','2021-10-12 14:09:00'),(191,3,'2021-10-12 14:21:00','2021-10-12 14:35:00',0,'alw1882','fqkzy ugmwc','2021-10-12 14:25:00'),(192,4,'2021-10-12 14:37:00','2021-10-12 15:12:00',1,'bra2375','xulnm ekazt','2021-10-12 14:42:00'),(193,4,'2021-10-13 08:00:00','2021-10-13 08:40:00',1,'xun2125','voipx bigcv','2021-10-13 08:10:00'),(194,3,'2021-10-13 08:42:00','2021-10-13 08:58:00',0,'qxr6136','zhliw whshf','2021-10-13 08:48:00'),(195,3,'2021-10-13 09:02:00','2021-10-13 09:37:00',1,'uzi5836','becty radzo','2021-10-13 09:07:00'),(196,2,'2021-10-13 09:42:00','2021-10-13 10:21:00',1,'zvs3664','qglwu butrw','2021-10-13 09:51:00'),(197,1,'2021-10-13 10:23:00','2021-10-13 10:39:00',0,'txl7716','qsnru lektx','2021-10-13 10:29:00'),(198,3,'2021-10-13 10:43:00','2021-10-13 10:59:00',0,'fyt1461','uzbiw tifvr','2021-10-13 10:49:00'),(199,2,'2021-10-13 11:01:00','2021-10-13 11:18:00',0,'abs2867','nqxlq rvszp','2021-10-13 11:08:00'),(200,4,'2021-10-13 11:23:00','2021-10-13 11:36:00',0,'per5285','admcp plizk','2021-10-13 11:26:00'),(201,4,'2021-10-13 11:38:00','2021-10-13 11:57:00',0,'flu7365','bthow xzeqj','2021-10-13 11:47:00'),(202,1,'2021-10-13 12:00:00','2021-10-13 12:14:00',0,'ewz4865','zvxkf hiqkx','2021-10-13 12:04:00'),(203,3,'2021-10-13 12:16:00','2021-10-13 12:33:00',0,'ihc8736','ouwkk vajfj','2021-10-13 12:23:00'),(204,3,'2021-10-13 12:37:00','2021-10-13 12:54:00',0,'ufy8852','gbjlh xvekw','2021-10-13 12:44:00'),(205,4,'2021-10-13 12:56:00','2021-10-13 13:12:00',0,'zsf4344','ffued ptipx','2021-10-13 13:02:00'),(206,3,'2021-10-13 13:14:00','2021-10-13 13:53:00',1,'pct5323','tfmbw nppbx','2021-10-13 13:23:00'),(207,1,'2021-10-13 13:57:00','2021-10-13 14:33:00',1,'hrp6556','adyzu tvnrl','2021-10-13 14:03:00'),(208,2,'2021-10-13 14:37:00','2021-10-13 15:15:00',1,'lee3767','awqct galdk','2021-10-13 14:45:00'),(209,1,'2021-10-14 08:00:00','2021-10-14 08:38:00',1,'xia3472','tgjbq ljcnp','2021-10-14 08:08:00'),(210,3,'2021-10-14 08:43:00','2021-10-14 09:16:00',1,'dol7132','tbxrd rgsjo','2021-10-14 08:46:00'),(211,1,'2021-10-14 09:18:00','2021-10-14 09:49:00',1,'jcd2546','fnhsp cjphi','2021-10-14 09:19:00'),(212,4,'2021-10-14 09:50:00','2021-10-14 10:09:00',0,'yng1182','obenj acbkg','2021-10-14 09:59:00'),(213,2,'2021-10-14 10:13:00','2021-10-14 10:52:00',1,'zcc7874','uffdg ugvgp','2021-10-14 10:22:00'),(214,1,'2021-10-14 10:54:00','2021-10-14 11:25:00',1,'hnj1132','rurmn lmpok','2021-10-14 10:55:00'),(215,4,'2021-10-14 11:28:00','2021-10-14 12:06:00',1,'pcc3264','kbpei grxws','2021-10-14 11:36:00'),(216,3,'2021-10-14 12:10:00','2021-10-14 12:43:00',1,'oif2665','ginfk hnrfm','2021-10-14 12:13:00'),(217,4,'2021-10-14 12:46:00','2021-10-14 13:06:00',0,'agf7756','qqaiz kovek','2021-10-14 12:56:00'),(218,3,'2021-10-14 13:09:00','2021-10-14 13:25:00',0,'iiq8456','zjeah fbwid','2021-10-14 13:15:00'),(219,2,'2021-10-14 13:30:00','2021-10-14 14:01:00',1,'cdo4128','tycti xaidc','2021-10-14 13:31:00'),(220,2,'2021-10-14 14:06:00','2021-10-14 14:41:00',1,'rqk5853','aahyb zngan','2021-10-14 14:11:00'),(221,3,'2021-10-14 14:46:00','2021-10-14 15:19:00',1,'clq5864','ztzcz dnhwb','2021-10-14 14:49:00'),(222,1,'2021-10-14 15:23:00','2021-10-14 15:35:00',0,'wac6684','hvjtc xmtih','2021-10-14 15:25:00'),(223,4,'2021-10-14 15:36:00','2021-10-14 15:53:00',0,'dvw1811','menlv pnnwh','2021-10-14 15:43:00'),(224,4,'2021-10-14 15:56:00','2021-10-14 16:30:00',1,'fnj8216','ismbe eepsq','2021-10-14 16:00:00'),(225,2,'2021-10-15 08:00:00','2021-10-15 08:19:00',0,'jod5216','wyrqk cnryo','2021-10-15 08:09:00'),(226,2,'2021-10-15 08:20:00','2021-10-15 08:51:00',1,'orl4876','uvxvv wgiij','2021-10-15 08:21:00'),(227,4,'2021-10-15 08:52:00','2021-10-15 09:11:00',0,'www2116','rwlun twwfh','2021-10-15 09:01:00'),(228,3,'2021-10-15 09:16:00','2021-10-15 09:32:00',0,'gmg3148','bqjvm jgrja','2021-10-15 09:22:00'),(229,3,'2021-10-15 09:34:00','2021-10-15 10:12:00',1,'ymt4548','nxssl qkukv','2021-10-15 09:42:00'),(230,1,'2021-10-15 10:13:00','2021-10-15 10:30:00',0,'wcv1614','yxexq urcug','2021-10-15 10:20:00'),(231,4,'2021-10-15 10:35:00','2021-10-15 10:48:00',0,'ipw8252','zgapg xccwu','2021-10-15 10:38:00'),(232,2,'2021-10-15 10:51:00','2021-10-15 11:02:00',0,'gtm3781','yxwwu fecrb','2021-10-15 10:52:00'),(233,2,'2021-10-15 11:04:00','2021-10-15 11:36:00',1,'kyn8724','pjxmr kidlb','2021-10-15 11:06:00'),(234,3,'2021-10-15 11:37:00','2021-10-15 11:56:00',0,'tbx2411','owxqg lyvaf','2021-10-15 11:46:00'),(235,4,'2021-10-15 11:58:00','2021-10-15 12:32:00',1,'uvb8178','oymwp iyvbt','2021-10-15 12:02:00'),(236,1,'2021-10-15 12:36:00','2021-10-15 12:49:00',0,'fxd2186','fhxue behnc','2021-10-15 12:39:00'),(237,2,'2021-10-15 12:51:00','2021-10-15 13:22:00',1,'tjg3725','uziyb hiabs','2021-10-15 12:52:00'),(238,1,'2021-10-15 13:23:00','2021-10-15 13:42:00',0,'cha2647','mjfqd knbtx','2021-10-15 13:32:00'),(239,4,'2021-10-15 13:43:00','2021-10-15 14:21:00',1,'fda5382','rfjff llhwt','2021-10-15 13:51:00'),(240,3,'2021-10-15 14:23:00','2021-10-15 14:43:00',0,'ums8314','aejbq fzyab','2021-10-15 14:33:00'),(241,3,'2021-10-16 08:00:00','2021-10-16 08:11:00',0,'ilg5865','pleen jgwsa','2021-10-16 08:01:00'),(242,2,'2021-10-16 08:15:00','2021-10-16 08:29:00',0,'knb6242','rjzoj kkshx','2021-10-16 08:19:00'),(243,2,'2021-10-16 08:30:00','2021-10-16 09:09:00',1,'ldt1171','klatu tlweh','2021-10-16 08:39:00'),(244,3,'2021-10-16 09:13:00','2021-10-16 09:25:00',0,'cex8113','xiulx eqjtt','2021-10-16 09:15:00'),(245,1,'2021-10-16 09:27:00','2021-10-16 09:38:00',0,'cfp2154','sxmen bnban','2021-10-16 09:28:00'),(246,1,'2021-10-16 09:43:00','2021-10-16 10:18:00',1,'asp3766','clzjf zgpiw','2021-10-16 09:48:00'),(247,3,'2021-10-16 10:19:00','2021-10-16 10:57:00',1,'ste7313','zjizi nfrxi','2021-10-16 10:27:00'),(248,3,'2021-10-16 10:59:00','2021-10-16 11:11:00',0,'bol8237','khcuj qfzyv','2021-10-16 11:01:00'),(249,4,'2021-10-16 11:16:00','2021-10-16 11:50:00',1,'egm5565','sovqi ilorw','2021-10-16 11:20:00'),(250,1,'2021-10-16 11:55:00','2021-10-16 12:11:00',0,'pec7215','eeoea obkmc','2021-10-16 12:01:00'),(251,3,'2021-10-16 12:16:00','2021-10-16 12:32:00',0,'xec2141','czfao vrtyk','2021-10-16 12:22:00'),(252,4,'2021-10-16 12:37:00','2021-10-16 13:08:00',1,'gbr1644','hyvac wgtmc','2021-10-16 12:38:00'),(253,1,'2021-10-16 13:11:00','2021-10-16 13:44:00',1,'kfg4855','weymw gumsq','2021-10-16 13:14:00'),(254,3,'2021-10-16 13:48:00','2021-10-16 14:27:00',1,'zml4452','tggsb dgltx','2021-10-16 13:57:00'),(255,4,'2021-10-16 14:29:00','2021-10-16 14:46:00',0,'lqg4872','rbehh wkfit','2021-10-16 14:36:00'),(256,2,'2021-10-16 14:47:00','2021-10-16 15:05:00',0,'jfz2156','wygxu ovfxx','2021-10-16 14:55:00'),(257,1,'2021-10-17 08:00:00','2021-10-17 08:20:00',0,'cqh2164','uivfl yjdqc','2021-10-17 08:10:00'),(258,2,'2021-10-17 08:25:00','2021-10-17 08:57:00',1,'ool6248','wbqit dndxj','2021-10-17 08:27:00'),(259,1,'2021-10-17 08:59:00','2021-10-17 09:12:00',0,'toa3871','kxwso mrzls','2021-10-17 09:02:00'),(260,1,'2021-10-17 09:13:00','2021-10-17 09:52:00',1,'gst7755','zchgn owxjv','2021-10-17 09:22:00'),(261,1,'2021-10-17 09:57:00','2021-10-17 10:29:00',1,'gdn1238','agpiz ieezo','2021-10-17 09:59:00'),(262,2,'2021-10-17 10:31:00','2021-10-17 10:50:00',0,'sin4236','bdekp wouym','2021-10-17 10:40:00'),(263,3,'2021-10-17 10:54:00','2021-10-17 11:34:00',1,'hah2231','cdvvx nlivf','2021-10-17 11:04:00'),(264,2,'2021-10-17 11:35:00','2021-10-17 12:06:00',1,'viw7161','kjazs fodud','2021-10-17 11:36:00'),(265,2,'2021-10-17 12:08:00','2021-10-17 12:23:00',0,'iyc5252','gqjdo vkbrs','2021-10-17 12:13:00'),(266,4,'2021-10-17 12:26:00','2021-10-17 12:43:00',0,'kwu6751','vzytf qlfjb','2021-10-17 12:33:00'),(267,4,'2021-10-17 12:46:00','2021-10-17 13:02:00',0,'xdu1413','aiwqs hviwm','2021-10-17 12:52:00'),(268,3,'2021-10-17 13:04:00','2021-10-17 13:41:00',1,'ohz7642','yuttn gdecp','2021-10-17 13:11:00'),(269,4,'2021-10-17 13:46:00','2021-10-17 14:19:00',1,'iuw7762','mwxer deaan','2021-10-17 13:49:00'),(270,2,'2021-10-17 14:22:00','2021-10-17 15:01:00',1,'cqp5763','ffiti syceh','2021-10-17 14:31:00'),(271,1,'2021-10-17 15:02:00','2021-10-17 15:19:00',0,'cyc8351','mnoyg batuy','2021-10-17 15:09:00'),(272,3,'2021-10-17 15:22:00','2021-10-17 15:57:00',1,'plo4212','tgkhy couiw','2021-10-17 15:27:00'),(273,4,'2021-10-18 08:00:00','2021-10-18 08:32:00',1,'qiu7735','mhatw mtrlx','2021-10-18 08:02:00'),(274,2,'2021-10-18 08:36:00','2021-10-18 08:56:00',0,'ohk7431','ufhqc tgpir','2021-10-18 08:46:00'),(275,4,'2021-10-18 08:57:00','2021-10-18 09:33:00',1,'bom2774','pkyzr glfxa','2021-10-18 09:03:00'),(276,2,'2021-10-18 09:34:00','2021-10-18 09:54:00',0,'ndg4618','afkph lwybf','2021-10-18 09:44:00'),(277,3,'2021-10-18 09:55:00','2021-10-18 10:31:00',1,'bxh6552','cgawd zjvkr','2021-10-18 10:01:00'),(278,2,'2021-10-18 10:35:00','2021-10-18 11:12:00',1,'efx8774','tctwz fzwcd','2021-10-18 10:42:00'),(279,1,'2021-10-18 11:13:00','2021-10-18 11:51:00',1,'sog3456','cyorp jvunk','2021-10-18 11:21:00'),(280,2,'2021-10-18 11:52:00','2021-10-18 12:06:00',0,'rbz6742','qzfgy lcokb','2021-10-18 11:56:00'),(281,3,'2021-10-18 12:11:00','2021-10-18 12:47:00',1,'xtp4221','ypjfh xofxx','2021-10-18 12:17:00'),(282,4,'2021-10-18 12:52:00','2021-10-18 13:23:00',1,'fuc3768','iavvr bipev','2021-10-18 12:53:00'),(283,4,'2021-10-18 13:27:00','2021-10-18 13:39:00',0,'taq2183','bhelr crpti','2021-10-18 13:29:00'),(284,2,'2021-10-18 13:42:00','2021-10-18 14:02:00',0,'hcr6573','gahgv oakgt','2021-10-18 13:52:00'),(285,2,'2021-10-18 14:06:00','2021-10-18 14:38:00',1,'bks2131','jhgaq oxjjy','2021-10-18 14:08:00'),(286,2,'2021-10-18 14:39:00','2021-10-18 15:12:00',1,'wui1168','gqpit yecbq','2021-10-18 14:42:00'),(287,1,'2021-10-18 15:17:00','2021-10-18 15:30:00',0,'fad7267','vkjxw uxvxx','2021-10-18 15:20:00'),(288,4,'2021-10-18 15:33:00','2021-10-18 15:47:00',0,'ysx1633','rxghc okyxw','2021-10-18 15:37:00'),(289,1,'2021-10-19 08:00:00','2021-10-19 08:15:00',0,'kqo1745','lyikv enyao','2021-10-19 08:05:00'),(290,1,'2021-10-19 08:19:00','2021-10-19 08:37:00',0,'nmw1151','ambrj ujytu','2021-10-19 08:27:00'),(291,4,'2021-10-19 08:42:00','2021-10-19 09:00:00',0,'nsb7417','kbrsg lnjar','2021-10-19 08:50:00'),(292,1,'2021-10-19 09:02:00','2021-10-19 09:41:00',1,'gcp8647','utwgs jhhqc','2021-10-19 09:11:00'),(293,1,'2021-10-19 09:43:00','2021-10-19 09:58:00',0,'qcx6632','wktmj ujyiv','2021-10-19 09:48:00'),(294,3,'2021-10-19 09:59:00','2021-10-19 10:13:00',0,'ihz8511','dyvpc cjebs','2021-10-19 10:03:00'),(295,1,'2021-10-19 10:14:00','2021-10-19 10:53:00',1,'buj7446','rcwty sikdk','2021-10-19 10:23:00'),(296,4,'2021-10-19 10:56:00','2021-10-19 11:13:00',0,'uzy5477','fiwsl trxvq','2021-10-19 11:03:00'),(297,4,'2021-10-19 11:14:00','2021-10-19 11:51:00',1,'wcd5338','ebomi jgvwg','2021-10-19 11:21:00'),(298,2,'2021-10-19 11:52:00','2021-10-19 12:29:00',1,'xrh1383','dwljl pwqss','2021-10-19 11:59:00'),(299,3,'2021-10-19 12:34:00','2021-10-19 13:10:00',1,'kgo2252','rjrjg qpenx','2021-10-19 12:40:00'),(300,3,'2021-10-19 13:12:00','2021-10-19 13:52:00',1,'ibc4656','kngob ohmgg','2021-10-19 13:22:00'),(301,3,'2021-10-19 13:55:00','2021-10-19 14:26:00',1,'jaz6438','pukhc zmjgw','2021-10-19 13:56:00'),(302,2,'2021-10-19 14:30:00','2021-10-19 15:04:00',1,'mqd8116','ezdej rqsms','2021-10-19 14:34:00'),(303,2,'2021-10-19 15:08:00','2021-10-19 15:25:00',0,'zzy2482','qqzmq spefi','2021-10-19 15:15:00'),(304,4,'2021-10-19 15:27:00','2021-10-19 15:58:00',1,'bwg8127','rcqbm tgtxq','2021-10-19 15:28:00'),(305,2,'2021-10-20 08:00:00','2021-10-20 08:38:00',1,'pdm5482','piocg mxzbp','2021-10-20 08:08:00'),(306,4,'2021-10-20 08:43:00','2021-10-20 08:59:00',0,'fky4163','oablq wdlbs','2021-10-20 08:49:00'),(307,3,'2021-10-20 09:04:00','2021-10-20 09:19:00',0,'ywz4656','lfxzs rvlzf','2021-10-20 09:09:00'),(308,1,'2021-10-20 09:20:00','2021-10-20 09:36:00',0,'ffi1623','mvxnj dmwua','2021-10-20 09:26:00'),(309,4,'2021-10-20 09:41:00','2021-10-20 10:19:00',1,'xzf7536','walth qfcrd','2021-10-20 09:49:00'),(310,4,'2021-10-20 10:24:00','2021-10-20 10:56:00',1,'nkx1368','ffkmz melux','2021-10-20 10:26:00'),(311,4,'2021-10-20 10:58:00','2021-10-20 11:35:00',1,'hat6322','apfrc dolqr','2021-10-20 11:05:00'),(312,4,'2021-10-20 11:36:00','2021-10-20 11:47:00',0,'izm5656','vlyzf rbclg','2021-10-20 11:37:00'),(313,3,'2021-10-20 11:51:00','2021-10-20 12:06:00',0,'fso6138','jqpwx zxecb','2021-10-20 11:56:00'),(314,3,'2021-10-20 12:07:00','2021-10-20 12:44:00',1,'ewb6575','lewsl bdyvz','2021-10-20 12:14:00'),(315,1,'2021-10-20 12:48:00','2021-10-20 13:20:00',1,'eld4581','afhzh xxvnn','2021-10-20 12:50:00'),(316,1,'2021-10-20 13:21:00','2021-10-20 13:56:00',1,'dui2267','blzii dnedg','2021-10-20 13:26:00'),(317,1,'2021-10-20 13:58:00','2021-10-20 14:33:00',1,'ujk1128','pxmfn fgqwq','2021-10-20 14:03:00'),(318,2,'2021-10-20 14:34:00','2021-10-20 15:13:00',1,'syj5381','iexcg ngdvt','2021-10-20 14:43:00'),(319,3,'2021-10-20 15:14:00','2021-10-20 15:54:00',1,'byk3668','gznov cksue','2021-10-20 15:24:00'),(320,4,'2021-10-20 15:56:00','2021-10-20 16:27:00',1,'wwk3524','kyhch nznwh','2021-10-20 15:57:00'),(321,2,'2021-10-21 08:00:00','2021-10-21 08:37:00',1,'dtt5326','ummpy ugcps','2021-10-21 08:07:00'),(322,3,'2021-10-21 08:38:00','2021-10-21 08:49:00',0,'ouk6727','hdult lnmft','2021-10-21 08:39:00'),(323,3,'2021-10-21 08:54:00','2021-10-21 09:29:00',1,'kpw6868','sapdn dpaey','2021-10-21 08:59:00'),(324,2,'2021-10-21 09:32:00','2021-10-21 09:43:00',0,'tla6387','eploe mitsw','2021-10-21 09:33:00'),(325,3,'2021-10-21 09:48:00','2021-10-21 10:01:00',0,'ujz8731','xtgbu lqlxj','2021-10-21 09:51:00'),(326,2,'2021-10-21 10:03:00','2021-10-21 10:42:00',1,'rzp7333','eemrh jdqeu','2021-10-21 10:12:00'),(327,1,'2021-10-21 10:47:00','2021-10-21 11:25:00',1,'ywf6474','ujxix wrcek','2021-10-21 10:55:00'),(328,2,'2021-10-21 11:30:00','2021-10-21 12:06:00',1,'fxt7833','cljdq viteu','2021-10-21 11:36:00'),(329,1,'2021-10-21 12:08:00','2021-10-21 12:22:00',0,'pcp2432','limfh zsbbx','2021-10-21 12:12:00'),(330,3,'2021-10-21 12:24:00','2021-10-21 12:38:00',0,'qkw7468','gaetx rxtpd','2021-10-21 12:28:00'),(331,4,'2021-10-21 12:42:00','2021-10-21 12:54:00',0,'nwb7547','wyami xklcv','2021-10-21 12:44:00'),(332,1,'2021-10-21 12:58:00','2021-10-21 13:12:00',0,'goo4752','tubcj wvnwv','2021-10-21 13:02:00'),(333,4,'2021-10-21 13:14:00','2021-10-21 13:30:00',0,'nwl2774','irwnm znkzr','2021-10-21 13:20:00'),(334,4,'2021-10-21 13:32:00','2021-10-21 13:43:00',0,'ddx4516','rgseo exsuj','2021-10-21 13:33:00'),(335,3,'2021-10-21 13:47:00','2021-10-21 14:22:00',1,'lpj8343','rdzkw nuzoi','2021-10-21 13:52:00'),(336,4,'2021-10-21 14:25:00','2021-10-21 14:56:00',1,'spb7267','dgoud xkitx','2021-10-21 14:26:00'),(337,2,'2021-10-22 08:00:00','2021-10-22 08:20:00',0,'oda6261','luheh elrzv','2021-10-22 08:10:00'),(338,3,'2021-10-22 08:25:00','2021-10-22 08:36:00',0,'une4247','skuof jmufx','2021-10-22 08:26:00'),(339,1,'2021-10-22 08:38:00','2021-10-22 08:53:00',0,'iux5242','kalwf gwltx','2021-10-22 08:43:00'),(340,4,'2021-10-22 08:55:00','2021-10-22 09:13:00',0,'jkr5352','cmcnt ixjky','2021-10-22 09:03:00'),(341,4,'2021-10-22 09:18:00','2021-10-22 09:34:00',0,'uwf1684','ckgbz lgggi','2021-10-22 09:24:00'),(342,1,'2021-10-22 09:37:00','2021-10-22 09:52:00',0,'xea7415','gyryq ysdim','2021-10-22 09:42:00'),(343,2,'2021-10-22 09:57:00','2021-10-22 10:33:00',1,'ahv4228','vgamv tvraq','2021-10-22 10:03:00'),(344,3,'2021-10-22 10:37:00','2021-10-22 11:09:00',1,'glw3763','rhlsw aflil','2021-10-22 10:39:00'),(345,3,'2021-10-22 11:10:00','2021-10-22 11:47:00',1,'pmj1761','ohxcb ojqhi','2021-10-22 11:17:00'),(346,1,'2021-10-22 11:50:00','2021-10-22 12:25:00',1,'dqm4184','ezvuv larid','2021-10-22 11:55:00'),(347,2,'2021-10-22 12:29:00','2021-10-22 13:00:00',1,'ucf1411','rpoyg bfvew','2021-10-22 12:30:00'),(348,1,'2021-10-22 13:03:00','2021-10-22 13:20:00',0,'gqn6448','kjhtl mwyoy','2021-10-22 13:10:00'),(349,1,'2021-10-22 13:23:00','2021-10-22 14:01:00',1,'nhu8761','yxree iomek','2021-10-22 13:31:00'),(350,2,'2021-10-22 14:05:00','2021-10-22 14:36:00',1,'szf3266','soyyw vdhek','2021-10-22 14:06:00'),(351,1,'2021-10-22 14:37:00','2021-10-22 15:10:00',1,'jdb2516','yagow mgfqg','2021-10-22 14:40:00'),(352,1,'2021-10-22 15:15:00','2021-10-22 15:29:00',0,'jxw5451','ptjkl huphh','2021-10-22 15:19:00'),(353,4,'2021-10-23 08:00:00','2021-10-23 08:32:00',1,'puq1478','gohqb zetkw','2021-10-23 08:02:00'),(354,2,'2021-10-23 08:35:00','2021-10-23 09:11:00',1,'dta4834','gudcp uzcmf','2021-10-23 08:41:00'),(355,4,'2021-10-23 09:15:00','2021-10-23 09:50:00',1,'vzj5728','gfnch nloke','2021-10-23 09:20:00'),(356,1,'2021-10-23 09:55:00','2021-10-23 10:35:00',1,'zjm7414','ryxhf tnllz','2021-10-23 10:05:00'),(357,2,'2021-10-23 10:40:00','2021-10-23 11:19:00',1,'cte4767','okywd kocot','2021-10-23 10:49:00'),(358,2,'2021-10-23 11:22:00','2021-10-23 11:41:00',0,'fnd5285','vcccg zziaq','2021-10-23 11:31:00'),(359,3,'2021-10-23 11:46:00','2021-10-23 11:59:00',0,'mbu1132','yvzil dkfxv','2021-10-23 11:49:00'),(360,1,'2021-10-23 12:03:00','2021-10-23 12:40:00',1,'boi2356','rjnvp ncwgy','2021-10-23 12:10:00'),(361,4,'2021-10-23 12:42:00','2021-10-23 13:22:00',1,'uzd4453','afjyp kxxbe','2021-10-23 12:52:00'),(362,4,'2021-10-23 13:24:00','2021-10-23 13:44:00',0,'tqj7641','uvyhu wvbnz','2021-10-23 13:34:00'),(363,4,'2021-10-23 13:46:00','2021-10-23 14:17:00',1,'fuw3656','uqlue wuyyk','2021-10-23 13:47:00'),(364,4,'2021-10-23 14:19:00','2021-10-23 14:59:00',1,'vdr1426','egqye yorde','2021-10-23 14:29:00'),(365,3,'2021-10-23 15:03:00','2021-10-23 15:22:00',0,'lhu2616','hjsne uhcyo','2021-10-23 15:12:00'),(366,3,'2021-10-23 15:25:00','2021-10-23 15:44:00',0,'ffs3158','ttiez ublut','2021-10-23 15:34:00'),(367,2,'2021-10-23 15:46:00','2021-10-23 16:05:00',0,'bzi8263','qybhv fvwkw','2021-10-23 15:55:00'),(368,1,'2021-10-23 16:07:00','2021-10-23 16:26:00',0,'tsv5823','qtmco hlyad','2021-10-23 16:16:00'),(369,1,'2021-10-24 08:00:00','2021-10-24 08:37:00',1,'hpq3275','cfoow wsysp','2021-10-24 08:07:00'),(370,4,'2021-10-24 08:42:00','2021-10-24 09:22:00',1,'zgp5634','gjgqx ujpsb','2021-10-24 08:52:00'),(371,2,'2021-10-24 09:24:00','2021-10-24 10:03:00',1,'luj4621','yvqsz odiul','2021-10-24 09:33:00'),(372,3,'2021-10-24 10:04:00','2021-10-24 10:17:00',0,'iuy5685','yipbu bwydd','2021-10-24 10:07:00'),(373,4,'2021-10-24 10:18:00','2021-10-24 10:38:00',0,'zui4435','euccz tekul','2021-10-24 10:28:00'),(374,4,'2021-10-24 10:41:00','2021-10-24 10:58:00',0,'rzt6435','xsqwu xjtxm','2021-10-24 10:48:00'),(375,3,'2021-10-24 11:02:00','2021-10-24 11:15:00',0,'ofd3517','otyua tjucb','2021-10-24 11:05:00'),(376,2,'2021-10-24 11:20:00','2021-10-24 11:36:00',0,'nod2327','mitsm dhplu','2021-10-24 11:26:00'),(377,3,'2021-10-24 11:39:00','2021-10-24 12:14:00',1,'khj6221','utgru grcvu','2021-10-24 11:44:00'),(378,4,'2021-10-24 12:15:00','2021-10-24 12:28:00',0,'myk7855','nzugh wwyii','2021-10-24 12:18:00'),(379,3,'2021-10-24 12:31:00','2021-10-24 12:51:00',0,'tkf8123','ylvyd dwhdn','2021-10-24 12:41:00'),(380,1,'2021-10-24 12:53:00','2021-10-24 13:08:00',0,'opj1285','doyvj mmske','2021-10-24 12:58:00'),(381,1,'2021-10-24 13:12:00','2021-10-24 13:31:00',0,'qgj8622','siwps nznbw','2021-10-24 13:21:00'),(382,3,'2021-10-24 13:34:00','2021-10-24 13:50:00',0,'aiq1242','sqwfi lkxgz','2021-10-24 13:40:00'),(383,2,'2021-10-24 13:51:00','2021-10-24 14:08:00',0,'pnk5762','amyng cgaoj','2021-10-24 13:58:00'),(384,2,'2021-10-24 14:10:00','2021-10-24 14:24:00',0,'mtr8617','uiebf dzvoz','2021-10-24 14:14:00'),(385,4,'2021-10-25 08:00:00','2021-10-25 08:19:00',0,'jjj8846','jjojq xsryp','2021-10-25 08:09:00'),(386,2,'2021-10-25 08:22:00','2021-10-25 08:59:00',1,'xde2672','kyjvq dxcrw','2021-10-25 08:29:00'),(387,2,'2021-10-25 09:04:00','2021-10-25 09:15:00',0,'gng4577','zzsmw tbpty','2021-10-25 09:05:00'),(388,3,'2021-10-25 09:17:00','2021-10-25 09:55:00',1,'zec4422','kyirc aviov','2021-10-25 09:25:00'),(389,3,'2021-10-25 09:58:00','2021-10-25 10:12:00',0,'cfh7437','peyua gmoyo','2021-10-25 10:02:00'),(390,3,'2021-10-25 10:17:00','2021-10-25 10:48:00',1,'kuz4152','wmqsg agtdp','2021-10-25 10:18:00'),(391,2,'2021-10-25 10:50:00','2021-10-25 11:25:00',1,'fmd2152','wyaka hekjo','2021-10-25 10:55:00'),(392,3,'2021-10-25 11:29:00','2021-10-25 12:02:00',1,'rdq1446','ndsfm afnyy','2021-10-25 11:32:00'),(393,4,'2021-10-25 12:03:00','2021-10-25 12:23:00',0,'vml5631','bwxxw vkeah','2021-10-25 12:13:00'),(394,2,'2021-10-25 12:25:00','2021-10-25 12:38:00',0,'adu7655','fnjpk psboz','2021-10-25 12:28:00'),(395,4,'2021-10-25 12:39:00','2021-10-25 12:51:00',0,'rgd7375','ordwl qjmqa','2021-10-25 12:41:00'),(396,4,'2021-10-25 12:55:00','2021-10-25 13:33:00',1,'nfl7681','vdbxh hucby','2021-10-25 13:03:00'),(397,1,'2021-10-25 13:35:00','2021-10-25 14:14:00',1,'iue1214','ahdfv vuyis','2021-10-25 13:44:00'),(398,1,'2021-10-25 14:18:00','2021-10-25 14:37:00',0,'icd3733','cmvnr hlcap','2021-10-25 14:27:00'),(399,4,'2021-10-25 14:39:00','2021-10-25 15:13:00',1,'gfq1821','ilzoi fmweb','2021-10-25 14:43:00'),(400,2,'2021-10-25 15:17:00','2021-10-25 15:56:00',1,'qsz1747','qvftd dlsib','2021-10-25 15:26:00'),(401,4,'2021-10-26 08:00:00','2021-10-26 08:34:00',1,'wtq2536','thcas jfjfm','2021-10-26 08:04:00'),(402,1,'2021-10-26 08:36:00','2021-10-26 08:48:00',0,'stc2433','sfbce zvbty','2021-10-26 08:38:00'),(403,4,'2021-10-26 08:53:00','2021-10-26 09:30:00',1,'wlr2246','guouj xfivd','2021-10-26 09:00:00'),(404,3,'2021-10-26 09:35:00','2021-10-26 10:08:00',1,'hga7218','qcepf szeea','2021-10-26 09:38:00'),(405,4,'2021-10-26 10:10:00','2021-10-26 10:27:00',0,'qyo7156','affrs ubzsy','2021-10-26 10:17:00'),(406,4,'2021-10-26 10:28:00','2021-10-26 11:02:00',1,'sox1668','xspxz fxvle','2021-10-26 10:32:00'),(407,3,'2021-10-26 11:06:00','2021-10-26 11:20:00',0,'ygp6428','rnwza cxixl','2021-10-26 11:10:00'),(408,2,'2021-10-26 11:24:00','2021-10-26 12:04:00',1,'sdo7527','duyka crimm','2021-10-26 11:34:00'),(409,4,'2021-10-26 12:06:00','2021-10-26 12:41:00',1,'rhn2756','hshgs qyboo','2021-10-26 12:11:00'),(410,3,'2021-10-26 12:44:00','2021-10-26 13:18:00',1,'xbc5744','nyoxp oeopl','2021-10-26 12:48:00'),(411,4,'2021-10-26 13:21:00','2021-10-26 13:37:00',0,'hqg1485','dotbl depcw','2021-10-26 13:27:00'),(412,4,'2021-10-26 13:39:00','2021-10-26 13:55:00',0,'nnk8612','exduo pigck','2021-10-26 13:45:00'),(413,1,'2021-10-26 14:00:00','2021-10-26 14:13:00',0,'rwi8266','nwoht yoelr','2021-10-26 14:03:00'),(414,4,'2021-10-26 14:18:00','2021-10-26 14:38:00',0,'iju2252','lkqdz tlhjq','2021-10-26 14:28:00'),(415,4,'2021-10-26 14:40:00','2021-10-26 14:53:00',0,'yvy5663','nmorh ywkeo','2021-10-26 14:43:00'),(416,1,'2021-10-26 14:58:00','2021-10-26 15:36:00',1,'nue6141','dzxyn lmufa','2021-10-26 15:06:00'),(417,1,'2021-10-27 08:00:00','2021-10-27 08:11:00',0,'nas6811','rccrf npwfm','2021-10-27 08:01:00'),(418,2,'2021-10-27 08:12:00','2021-10-27 08:50:00',1,'ohc2876','slyye snpjz','2021-10-27 08:20:00'),(419,4,'2021-10-27 08:54:00','2021-10-27 09:10:00',0,'dhu6764','tgbap niucw','2021-10-27 09:00:00'),(420,1,'2021-10-27 09:11:00','2021-10-27 09:42:00',1,'elv2558','pekxo awthm','2021-10-27 09:12:00'),(421,3,'2021-10-27 09:46:00','2021-10-27 10:01:00',0,'bya5313','dskvm srewq','2021-10-27 09:51:00'),(422,3,'2021-10-27 10:02:00','2021-10-27 10:36:00',1,'coc7788','temon gytux','2021-10-27 10:06:00'),(423,3,'2021-10-27 10:41:00','2021-10-27 11:20:00',1,'jkx5787','pafmr kdgnf','2021-10-27 10:50:00'),(424,3,'2021-10-27 11:21:00','2021-10-27 11:35:00',0,'cfg5188','ldyzw diuub','2021-10-27 11:25:00'),(425,3,'2021-10-27 11:39:00','2021-10-27 12:14:00',1,'atf2317','hwhke fnkcg','2021-10-27 11:44:00'),(426,3,'2021-10-27 12:19:00','2021-10-27 12:59:00',1,'ehq2331','tjnkh qxnon','2021-10-27 12:29:00'),(427,1,'2021-10-27 13:03:00','2021-10-27 13:39:00',1,'yjb5678','zzqun hfxad','2021-10-27 13:09:00'),(428,4,'2021-10-27 13:42:00','2021-10-27 13:53:00',0,'zxh5885','wsfsd pyzgt','2021-10-27 13:43:00'),(429,1,'2021-10-27 13:55:00','2021-10-27 14:32:00',1,'ksu1521','rxnrf tdmtj','2021-10-27 14:02:00'),(430,3,'2021-10-27 14:35:00','2021-10-27 14:51:00',0,'gfe8556','dbqef ykktm','2021-10-27 14:41:00'),(431,2,'2021-10-27 14:52:00','2021-10-27 15:28:00',1,'nph8526','zfmii mzhkf','2021-10-27 14:58:00'),(432,3,'2021-10-27 15:31:00','2021-10-27 15:51:00',0,'bci8515','kozhj gzvmk','2021-10-27 15:41:00'),(433,4,'2021-10-28 08:00:00','2021-10-28 08:14:00',0,'ope1684','srxlb jfcmp','2021-10-28 08:04:00'),(434,3,'2021-10-28 08:18:00','2021-10-28 08:56:00',1,'ndd6878','fdaww fypcz','2021-10-28 08:26:00'),(435,4,'2021-10-28 09:00:00','2021-10-28 09:40:00',1,'thk2458','wdqst hvimr','2021-10-28 09:10:00'),(436,3,'2021-10-28 09:41:00','2021-10-28 09:54:00',0,'edd4258','kagqr ftxfj','2021-10-28 09:44:00'),(437,3,'2021-10-28 09:56:00','2021-10-28 10:10:00',0,'etv5886','epkxy wnjhk','2021-10-28 10:00:00'),(438,1,'2021-10-28 10:13:00','2021-10-28 10:44:00',1,'jhu6167','bezwd qrjtp','2021-10-28 10:14:00'),(439,4,'2021-10-28 10:47:00','2021-10-28 11:07:00',0,'cpj5774','paatn uqzqa','2021-10-28 10:57:00'),(440,4,'2021-10-28 11:11:00','2021-10-28 11:42:00',1,'ozf6882','sdpqt hcsok','2021-10-28 11:12:00'),(441,2,'2021-10-28 11:46:00','2021-10-28 11:58:00',0,'csy3414','tjtwf lmijp','2021-10-28 11:48:00'),(442,1,'2021-10-28 12:01:00','2021-10-28 12:33:00',1,'wml3817','bubnz wzvif','2021-10-28 12:03:00'),(443,1,'2021-10-28 12:35:00','2021-10-28 13:11:00',1,'nuf7683','fsdsf ogkqw','2021-10-28 12:41:00'),(444,2,'2021-10-28 13:15:00','2021-10-28 13:48:00',1,'mxo7611','fmkvh zajhq','2021-10-28 13:18:00'),(445,3,'2021-10-28 13:52:00','2021-10-28 14:12:00',0,'pom1136','aaxah tqvac','2021-10-28 14:02:00'),(446,4,'2021-10-28 14:14:00','2021-10-28 14:28:00',0,'mue8136','zrgdu afyhi','2021-10-28 14:18:00'),(447,3,'2021-10-28 14:30:00','2021-10-28 14:50:00',0,'fut4127','pyech lzilx','2021-10-28 14:40:00'),(448,2,'2021-10-28 14:52:00','2021-10-28 15:06:00',0,'uig5452','whrjs drpmh','2021-10-28 14:56:00'),(449,2,'2021-10-29 08:00:00','2021-10-29 08:35:00',1,'poc3376','kxtpm ifynf','2021-10-29 08:05:00'),(450,4,'2021-10-29 08:40:00','2021-10-29 09:12:00',1,'pnp3616','kfodf zwqar','2021-10-29 08:42:00'),(451,2,'2021-10-29 09:16:00','2021-10-29 09:34:00',0,'mqv6132','gsboy qwyji','2021-10-29 09:24:00'),(452,2,'2021-10-29 09:36:00','2021-10-29 09:56:00',0,'iyj1678','dgath fvsao','2021-10-29 09:46:00'),(453,1,'2021-10-29 10:01:00','2021-10-29 10:35:00',1,'zug4887','udmyl issqy','2021-10-29 10:05:00'),(454,3,'2021-10-29 10:38:00','2021-10-29 10:55:00',0,'uzy6565','ervvy azrma','2021-10-29 10:45:00'),(455,2,'2021-10-29 10:58:00','2021-10-29 11:36:00',1,'img5186','ansmb euowv','2021-10-29 11:06:00'),(456,2,'2021-10-29 11:37:00','2021-10-29 11:52:00',0,'cfd2556','zwlyh kbbaf','2021-10-29 11:42:00'),(457,3,'2021-10-29 11:55:00','2021-10-29 12:11:00',0,'hmm1285','iqarl ptxwx','2021-10-29 12:01:00'),(458,2,'2021-10-29 12:16:00','2021-10-29 12:50:00',1,'zio2727','qmpeg eibbz','2021-10-29 12:20:00'),(459,3,'2021-10-29 12:52:00','2021-10-29 13:11:00',0,'rab6137','qifum bgrzc','2021-10-29 13:01:00'),(460,3,'2021-10-29 13:16:00','2021-10-29 13:29:00',0,'mnt3737','mxrbh tqxpn','2021-10-29 13:19:00'),(461,4,'2021-10-29 13:34:00','2021-10-29 13:52:00',0,'rso8573','cuajt qyugg','2021-10-29 13:42:00'),(462,2,'2021-10-29 13:54:00','2021-10-29 14:11:00',0,'lhz2417','smaze osccf','2021-10-29 14:01:00'),(463,4,'2021-10-29 14:12:00','2021-10-29 14:44:00',1,'slb5361','ydiuc bjouj','2021-10-29 14:14:00'),(464,3,'2021-10-29 14:48:00','2021-10-29 15:00:00',0,'ual1233','weanh tniuo','2021-10-29 14:50:00'),(465,4,'2021-10-30 08:00:00','2021-10-30 08:14:00',0,'hhm8464','xpryv dcsag','2021-10-30 08:04:00'),(466,2,'2021-10-30 08:15:00','2021-10-30 08:46:00',1,'yjl5886','czqet oipjj','2021-10-30 08:16:00'),(467,4,'2021-10-30 08:47:00','2021-10-30 08:59:00',0,'ihr2742','rkqzz nnptk','2021-10-30 08:49:00'),(468,2,'2021-10-30 09:01:00','2021-10-30 09:37:00',1,'idl1524','yejei pmpmh','2021-10-30 09:07:00'),(469,4,'2021-10-30 09:38:00','2021-10-30 09:50:00',0,'wed1238','bqjzt sqkbw','2021-10-30 09:40:00'),(470,2,'2021-10-30 09:55:00','2021-10-30 10:35:00',1,'hmk4364','tnwud ekokg','2021-10-30 10:05:00'),(471,2,'2021-10-30 10:37:00','2021-10-30 11:08:00',1,'khn2468','jriar lrkuk','2021-10-30 10:38:00'),(472,4,'2021-10-30 11:11:00','2021-10-30 11:25:00',0,'obl8851','icvql sufot','2021-10-30 11:15:00'),(473,2,'2021-10-30 11:30:00','2021-10-30 12:03:00',1,'auk3335','xrolb vezwv','2021-10-30 11:33:00'),(474,1,'2021-10-30 12:07:00','2021-10-30 12:18:00',0,'uht2722','dhdwk chizk','2021-10-30 12:08:00'),(475,3,'2021-10-30 12:21:00','2021-10-30 12:40:00',0,'hgd5152','ogdck sysbl','2021-10-30 12:30:00'),(476,3,'2021-10-30 12:41:00','2021-10-30 12:52:00',0,'hyt3867','jngyf fhsvj','2021-10-30 12:42:00'),(477,2,'2021-10-30 12:53:00','2021-10-30 13:30:00',1,'zgu8581','vkmad sigcs','2021-10-30 13:00:00'),(478,4,'2021-10-30 13:34:00','2021-10-30 13:48:00',0,'omh8285','inxhr tslpp','2021-10-30 13:38:00'),(479,2,'2021-10-30 13:51:00','2021-10-30 14:28:00',1,'dpo2522','hqyrk kafwh','2021-10-30 13:58:00'),(480,3,'2021-10-30 14:31:00','2021-10-30 15:03:00',1,'bfy5387','wogbb vdyzu','2021-10-30 14:33:00');
/*!40000 ALTER TABLE `registration` ENABLE KEYS */;
UNLOCK TABLES;

--
-- Table structure for table `registration_reason_assoc`
--

DROP TABLE IF EXISTS `registration_reason_assoc`;
/*!40101 SET @saved_cs_client     = @@character_set_client */;
/*!50503 SET character_set_client = utf8mb4 */;
CREATE TABLE `registration_reason_assoc` (
  `registration_id` int(11) NOT NULL,
  `reason_id` int(11) NOT NULL,
  PRIMARY KEY (`registration_id`,`reason_id`),
  KEY `registrationReasonAssoc_reason_fk` (`reason_id`),
  CONSTRAINT `registrationReasonAssoc_reason_fk` FOREIGN KEY (`reason_id`) REFERENCES `reason` (`reason_id`),
  CONSTRAINT `registrationReasonAssoc_registration_fk` FOREIGN KEY (`registration_id`) REFERENCES `registration` (`registration_id`)
) ENGINE=InnoDB DEFAULT CHARSET=utf8;
/*!40101 SET character_set_client = @saved_cs_client */;

--
-- Dumping data for table `registration_reason_assoc`
--

LOCK TABLES `registration_reason_assoc` WRITE;
/*!40000 ALTER TABLE `registration_reason_assoc` DISABLE KEYS */;
INSERT INTO `registration_reason_assoc` VALUES (9,1),(17,1),(18,1),(41,1),(43,1),(44,1),(45,1),(51,1),(55,1),(76,1),(86,1),(87,1),(92,1),(96,1),(97,1),(106,1),(107,1),(108,1),(110,1),(114,1),(123,1),(125,1),(140,1),(143,1),(149,1),(163,1),(173,1),(178,1),(196,1),(207,1),(216,1),(221,1),(226,1),(229,1),(237,1),(243,1),(246,1),(247,1),(249,1),(252,1),(253,1),(254,1),(261,1),(263,1),(264,1),(270,1),(277,1),(295,1),(297,1),(300,1),(301,1),(302,1),(315,1),(316,1),(317,1),(318,1),(326,1),(327,1),(336,1),(346,1),(354,1),(355,1),(360,1),(363,1),(364,1),(369,1),(370,1),(377,1),(388,1),(391,1),(392,1),(396,1),(397,1),(399,1),(400,1),(403,1),(406,1),(408,1),(409,1),(410,1),(418,1),(420,1),(422,1),(426,1),(434,1),(435,1),(444,1),(450,1),(458,1),(468,1),(470,1),(473,1),(477,1),(479,1),(2,2),(8,2),(9,2),(12,2),(17,2),(18,2),(19,2),(21,2),(25,2),(29,2),(34,2),(44,2),(48,2),(49,2),(52,2),(53,2),(66,2),(81,2),(85,2),(92,2),(95,2),(96,2),(97,2),(103,2),(105,2),(106,2),(109,2),(111,2),(114,2),(118,2),(120,2),(126,2),(129,2),(136,2),(140,2),(144,2),(147,2),(151,2),(155,2),(167,2),(169,2),(171,2),(173,2),(175,2),(176,2),(179,2),(186,2),(187,2),(193,2),(206,2),(209,2),(211,2),(214,2),(215,2),(224,2),(233,2),(235,2),(243,2),(246,2),(249,2),(253,2),(254,2),(258,2),(260,2),(272,2),(273,2),(275,2),(279,2),(282,2),(285,2),(286,2),(297,2),(299,2),(304,2),(305,2),(311,2),(315,2),(316,2),(319,2),(320,2),(321,2),(323,2),(328,2),(335,2),(343,2),(344,2),(345,2),(347,2),(350,2),(351,2),(354,2),(356,2),(357,2),(371,2),(388,2),(399,2),(401,2),(404,2),(418,2),(420,2),(423,2),(425,2),(431,2),(435,2),(440,2),(442,2),(443,2),(453,2),(455,2),(463,2),(466,2),(471,2),(477,2),(4,3),(8,3),(10,3),(12,3),(16,3),(23,3),(26,3),(37,3),(41,3),(43,3),(48,3),(50,3),(51,3),(52,3),(54,3),(57,3),(85,3),(86,3),(95,3),(103,3),(107,3),(108,3),(110,3),(123,3),(125,3),(131,3),(143,3),(147,3),(151,3),(152,3),(155,3),(163,3),(169,3),(180,3),(186,3),(187,3),(193,3),(195,3),(207,3),(208,3),(210,3),(214,3),(224,3),(226,3),(237,3),(239,3),(247,3),(264,3),(270,3),(281,3),(285,3),(286,3),(292,3),(300,3),(301,3),(305,3),(310,3),(311,3),(317,3),(318,3),(326,3),(327,3),(336,3),(343,3),(346,3),(351,3),(355,3),(356,3),(360,3),(361,3),(363,3),(364,3),(369,3),(371,3),(390,3),(391,3),(401,3),(403,3),(406,3),(422,3),(426,3),(429,3),(442,3),(449,3),(450,3),(453,3),(463,3),(468,3),(470,3),(2,4),(15,4),(19,4),(22,4),(29,4),(34,4),(36,4),(49,4),(53,4),(66,4),(119,4),(126,4),(136,4),(157,4),(161,4),(171,4),(175,4),(176,4),(179,4),(181,4),(192,4),(206,4),(209,4),(213,4),(215,4),(219,4),(220,4),(233,4),(258,4),(260,4),(268,4),(269,4),(275,4),(278,4),(298,4),(304,4),(309,4),(314,4),(320,4),(321,4),(323,4),(344,4),(349,4),(350,4),(353,4),(357,4),(386,4),(416,4),(427,4),(438,4),(443,4),(471,4),(480,4);
/*!40000 ALTER TABLE `registration_reason_assoc` ENABLE KEYS */;
UNLOCK TABLES;

--
-- Table structure for table `walk_in_hour`
--

DROP TABLE IF EXISTS `walk_in_hour`;
/*!40101 SET @saved_cs_client     = @@character_set_client */;
/*!50503 SET character_set_client = utf8mb4 */;
CREATE TABLE `walk_in_hour` (
  `id` int(11) NOT NULL AUTO_INCREMENT,
  `advisor_id` int(11) NOT NULL,
  `start_time` time NOT NULL,
  `end_time` time NOT NULL,
  `weekday` char(3) NOT NULL,
  PRIMARY KEY (`id`),
  KEY `walkInHour_advisor_fk` (`advisor_id`),
  CONSTRAINT `walkInHour_advisor_fk` FOREIGN KEY (`advisor_id`) REFERENCES `advisor` (`advisor_id`) ON DELETE CASCADE ON UPDATE CASCADE
) ENGINE=InnoDB AUTO_INCREMENT=5 DEFAULT CHARSET=utf8;
/*!40101 SET character_set_client = @saved_cs_client */;

--
-- Dumping data for table `walk_in_hour`
--

LOCK TABLES `walk_in_hour` WRITE;
/*!40000 ALTER TABLE `walk_in_hour` DISABLE KEYS */;
INSERT INTO `walk_in_hour` VALUES (1,1,'14:00:00','15:30:00','Mon'),(2,2,'13:00:00','14:00:00','Fri'),(3,3,'14:30:00','15:30:00','Wed'),(4,4,'13:00:00','15:00:00','Tue');
/*!40000 ALTER TABLE `walk_in_hour` ENABLE KEYS */;
UNLOCK TABLES;
/*!40103 SET TIME_ZONE=@OLD_TIME_ZONE */;

/*!40101 SET SQL_MODE=@OLD_SQL_MODE */;
/*!40014 SET FOREIGN_KEY_CHECKS=@OLD_FOREIGN_KEY_CHECKS */;
/*!40014 SET UNIQUE_CHECKS=@OLD_UNIQUE_CHECKS */;
/*!40101 SET CHARACTER_SET_CLIENT=@OLD_CHARACTER_SET_CLIENT */;
/*!40101 SET CHARACTER_SET_RESULTS=@OLD_CHARACTER_SET_RESULTS */;
/*!40101 SET COLLATION_CONNECTION=@OLD_COLLATION_CONNECTION */;
/*!40111 SET SQL_NOTES=@OLD_SQL_NOTES */;

-- Dump completed on 2021-11-07 20:31:34
