-- MySQL dump 10.13  Distrib 8.0.18, for Win64 (x86_64)
--
-- Host: localhost    Database: iste500
-- ------------------------------------------------------
-- Server version	8.0.18

/*!40101 SET @OLD_CHARACTER_SET_CLIENT=@@CHARACTER_SET_CLIENT */;
/*!40101 SET @OLD_CHARACTER_SET_RESULTS=@@CHARACTER_SET_RESULTS */;
/*!40101 SET @OLD_COLLATION_CONNECTION=@@COLLATION_CONNECTION */;
/*!50503 SET NAMES utf8mb4 */;
/*!40103 SET @OLD_TIME_ZONE=@@TIME_ZONE */;
/*!40103 SET TIME_ZONE='+00:00' */;
/*!40014 SET @OLD_UNIQUE_CHECKS=@@UNIQUE_CHECKS, UNIQUE_CHECKS=0 */;
/*!40014 SET @OLD_FOREIGN_KEY_CHECKS=@@FOREIGN_KEY_CHECKS, FOREIGN_KEY_CHECKS=0 */;
/*!40101 SET @OLD_SQL_MODE=@@SQL_MODE, SQL_MODE='NO_AUTO_VALUE_ON_ZERO' */;
/*!40111 SET @OLD_SQL_NOTES=@@SQL_NOTES, SQL_NOTES=0 */;

--
-- Table structure for table `advisor`
--

DROP TABLE IF EXISTS `advisor`;
/*!40101 SET @saved_cs_client     = @@character_set_client */;
/*!50503 SET character_set_client = utf8mb4 */;
CREATE TABLE `advisor` (
  `advisor_id` int(11) NOT NULL AUTO_INCREMENT,
  `first_name` varchar(24) NOT NULL,
  `middle_name` varchar(24) DEFAULT NULL,
  `last_name` varchar(24) NOT NULL,
  `ritEmail` varchar(30) NOT NULL,
  `portrait_url` varchar(240) DEFAULT NULL,
  `enabled` tinyint(1) NOT NULL DEFAULT '1',
  PRIMARY KEY (`advisor_id`),
  UNIQUE KEY `ritEmail` (`ritEmail`)
) ENGINE=InnoDB AUTO_INCREMENT=5 DEFAULT CHARSET=utf8;
/*!40101 SET character_set_client = @saved_cs_client */;

--
-- Dumping data for table `advisor`
--

LOCK TABLES `advisor` WRITE;
/*!40000 ALTER TABLE `advisor` DISABLE KEYS */;
INSERT INTO `advisor` VALUES (1,'Melody',NULL,'Jackson','zxc1234@rit.edu',NULL,1),(2,'Betty',NULL,'John','qwe1234@rit.edu',NULL,1),(3,'Betty',NULL,'Jackson','jkl1234@rit.edu',NULL,1),(4,'Melody',NULL,'John','abc1234@rit.edu',NULL,1);
/*!40000 ALTER TABLE `advisor` ENABLE KEYS */;
UNLOCK TABLES;

--
-- Table structure for table `reason`
--

DROP TABLE IF EXISTS `reason`;
/*!40101 SET @saved_cs_client     = @@character_set_client */;
/*!50503 SET character_set_client = utf8mb4 */;
CREATE TABLE `reason` (
  `reason_id` int(11) NOT NULL AUTO_INCREMENT,
  `reason_name` varchar(64) NOT NULL,
  `needsAppt` tinyint(1) NOT NULL DEFAULT '0',
  PRIMARY KEY (`reason_id`)
) ENGINE=InnoDB AUTO_INCREMENT=5 DEFAULT CHARSET=utf8;
/*!40101 SET character_set_client = @saved_cs_client */;

--
-- Dumping data for table `reason`
--

LOCK TABLES `reason` WRITE;
/*!40000 ALTER TABLE `reason` DISABLE KEYS */;
INSERT INTO `reason` VALUES (1,'reason a',0),(2,'reason b',0),(3,'reason c',1),(4,'reason d',1);
/*!40000 ALTER TABLE `reason` ENABLE KEYS */;
UNLOCK TABLES;

--
-- Table structure for table `registration`
--

DROP TABLE IF EXISTS `registration`;
/*!40101 SET @saved_cs_client     = @@character_set_client */;
/*!50503 SET character_set_client = utf8mb4 */;
CREATE TABLE `registration` (
  `registration_id` int(11) NOT NULL AUTO_INCREMENT,
  `advisor_id` int(11) NOT NULL,
  `check_in_time` datetime NOT NULL,
  `check_out_time` datetime DEFAULT NULL,
  `scheduled` tinyint(1) NOT NULL,
  `student_username` varchar(10) NOT NULL,
  `student_name` varchar(24) NOT NULL,
  PRIMARY KEY (`registration_id`),
  KEY `registration_advisor_fk` (`advisor_id`),
  CONSTRAINT `registration_advisor_fk` FOREIGN KEY (`advisor_id`) REFERENCES `advisor` (`advisor_id`)
) ENGINE=InnoDB AUTO_INCREMENT=481 DEFAULT CHARSET=utf8;
/*!40101 SET character_set_client = @saved_cs_client */;

--
-- Dumping data for table `registration`
--

LOCK TABLES `registration` WRITE;
/*!40000 ALTER TABLE `registration` DISABLE KEYS */;
INSERT INTO `registration` VALUES (1,2,'2021-10-01 08:00:00','2021-10-01 08:10:00',0,'itb1776','hdanp szkex'),(2,3,'2021-10-01 08:10:00','2021-10-01 08:40:00',1,'ixf6473','kauwu bligk'),(3,1,'2021-10-01 08:40:00','2021-10-01 09:10:00',1,'fxe3732','hyokh hlsyh'),(4,2,'2021-10-01 09:10:00','2021-10-01 09:20:00',0,'lji3113','spjar svxra'),(5,2,'2021-10-01 09:20:00','2021-10-01 09:30:00',0,'lsk1834','cpiyo sssjj'),(6,1,'2021-10-01 09:30:00','2021-10-01 10:00:00',1,'rgc1424','zywig evlya'),(7,4,'2021-10-01 10:00:00','2021-10-01 10:30:00',1,'cgt2544','pafll jypsh'),(8,4,'2021-10-01 10:30:00','2021-10-01 11:00:00',1,'lgv1653','ubbyf ueozw'),(9,1,'2021-10-01 11:00:00','2021-10-01 11:30:00',1,'kic4837','fjsep lgyeg'),(10,3,'2021-10-01 11:30:00','2021-10-01 12:00:00',1,'why7885','bshle eztms'),(11,4,'2021-10-01 12:00:00','2021-10-01 12:10:00',0,'heg6727','sxnqi tzdyg'),(12,4,'2021-10-01 12:10:00','2021-10-01 12:40:00',1,'xtv7248','ffslp xaslv'),(13,2,'2021-10-01 12:40:00','2021-10-01 13:10:00',1,'pmj7712','pfnrz fdhno'),(14,4,'2021-10-01 13:10:00','2021-10-01 13:40:00',1,'hwi6386','czvoo xnpou'),(15,2,'2021-10-01 13:40:00','2021-10-01 14:10:00',1,'zwi8217','ibivn dqmpo'),(16,2,'2021-10-01 14:10:00','2021-10-01 14:40:00',1,'drv5647','numqp kgmnv'),(17,1,'2021-10-02 08:00:00','2021-10-02 08:10:00',0,'tdu3344','xodso qczoy'),(18,3,'2021-10-02 08:10:00','2021-10-02 08:20:00',0,'rzq8835','rdcwi ritua'),(19,4,'2021-10-02 08:20:00','2021-10-02 08:50:00',1,'anb5262','xojvs jhtcm'),(20,3,'2021-10-02 08:50:00','2021-10-02 09:00:00',0,'wyg6283','fnyxa xsygz'),(21,3,'2021-10-02 09:00:00','2021-10-02 09:10:00',0,'wdt5658','wdubd ckglx'),(22,4,'2021-10-02 09:10:00','2021-10-02 09:20:00',0,'hss2467','jpyov vsnol'),(23,2,'2021-10-02 09:20:00','2021-10-02 09:30:00',0,'fty1274','hsnye btezb'),(24,3,'2021-10-02 09:30:00','2021-10-02 09:40:00',0,'tuc3384','hizbj tmgfu'),(25,4,'2021-10-02 09:40:00','2021-10-02 10:10:00',1,'jwc6282','uvods bokuk'),(26,1,'2021-10-02 10:10:00','2021-10-02 10:40:00',1,'pvi4621','ihiqg thndd'),(27,3,'2021-10-02 10:40:00','2021-10-02 11:10:00',1,'fxn4124','lqoky pnupd'),(28,2,'2021-10-02 11:10:00','2021-10-02 11:40:00',1,'eiw5576','jmdue xnshu'),(29,1,'2021-10-02 11:40:00','2021-10-02 12:10:00',1,'ctf5381','yqpkh vwqrn'),(30,3,'2021-10-02 12:10:00','2021-10-02 12:40:00',1,'zww6126','zynap bnlaz'),(31,1,'2021-10-02 12:40:00','2021-10-02 12:50:00',0,'tio1371','asmqc eyrfe'),(32,1,'2021-10-02 12:50:00','2021-10-02 13:20:00',1,'obz4465','yiiwn acqtv'),(33,1,'2021-10-03 08:00:00','2021-10-03 08:30:00',1,'izx1324','wzquf gxhgz'),(34,2,'2021-10-03 08:30:00','2021-10-03 09:00:00',1,'opu1782','xkjuc oplga'),(35,3,'2021-10-03 09:00:00','2021-10-03 09:10:00',0,'yvc7634','gbkrj evrke'),(36,2,'2021-10-03 09:10:00','2021-10-03 09:40:00',1,'zfe1775','saagn cekeo'),(37,2,'2021-10-03 09:40:00','2021-10-03 10:10:00',1,'dhn7481','zsevy zcqwn'),(38,3,'2021-10-03 10:10:00','2021-10-03 10:20:00',0,'lpg2663','lwlqq wapml'),(39,3,'2021-10-03 10:20:00','2021-10-03 10:30:00',0,'sqd8245','nhsqf rusyx'),(40,2,'2021-10-03 10:30:00','2021-10-03 11:00:00',1,'tqq5615','pyqcq cioed'),(41,1,'2021-10-03 11:00:00','2021-10-03 11:30:00',1,'aba3264','pzlwr trkzy'),(42,4,'2021-10-03 11:30:00','2021-10-03 11:40:00',0,'glq7714','spjez znyvz'),(43,2,'2021-10-03 11:40:00','2021-10-03 11:50:00',0,'sdo4748','jsqzv nmhgy'),(44,3,'2021-10-03 11:50:00','2021-10-03 12:00:00',0,'wdn5238','qazpb teirw'),(45,4,'2021-10-03 12:00:00','2021-10-03 12:10:00',0,'rkr4486','afhmb jpzzh'),(46,2,'2021-10-03 12:10:00','2021-10-03 12:40:00',1,'rht4757','jlykn mzkzh'),(47,3,'2021-10-03 12:40:00','2021-10-03 12:50:00',0,'bdl1238','xqazw mjink'),(48,3,'2021-10-03 12:50:00','2021-10-03 13:20:00',1,'bwe1251','wpiqe ftzlr'),(49,3,'2021-10-04 08:00:00','2021-10-04 08:30:00',1,'wpn5787','rxmtf xvgcl'),(50,4,'2021-10-04 08:30:00','2021-10-04 09:00:00',1,'jtb1726','zsdiv tqgcv'),(51,1,'2021-10-04 09:00:00','2021-10-04 09:10:00',0,'wlp8313','xhomo nbsql'),(52,3,'2021-10-04 09:10:00','2021-10-04 09:20:00',0,'ezl4452','ccnwh pndjc'),(53,2,'2021-10-04 09:20:00','2021-10-04 09:50:00',1,'epx6682','ylxll nshjm'),(54,2,'2021-10-04 09:50:00','2021-10-04 10:00:00',0,'srt7136','xqccc slqkx'),(55,2,'2021-10-04 10:00:00','2021-10-04 10:10:00',0,'pnr4718','kwfyr hkkvy'),(56,3,'2021-10-04 10:10:00','2021-10-04 10:40:00',1,'rdy8553','ncipf dtyqj'),(57,2,'2021-10-04 10:40:00','2021-10-04 11:10:00',1,'inc5421','nukby njblc'),(58,3,'2021-10-04 11:10:00','2021-10-04 11:20:00',0,'ntl1278','fnwsz diqgx'),(59,2,'2021-10-04 11:20:00','2021-10-04 11:50:00',1,'iza1455','fwoit kpdxh'),(60,3,'2021-10-04 11:50:00','2021-10-04 12:00:00',0,'gyk5227','nuecv pnaun'),(61,3,'2021-10-04 12:00:00','2021-10-04 12:10:00',0,'gug7568','erryp syfkt'),(62,4,'2021-10-04 12:10:00','2021-10-04 12:40:00',1,'puy8116','vcelb sqayu'),(63,3,'2021-10-04 12:40:00','2021-10-04 12:50:00',0,'rpo5477','bggad thsci'),(64,4,'2021-10-04 12:50:00','2021-10-04 13:00:00',0,'usd1258','jjnwg scjcp'),(65,3,'2021-10-05 08:00:00','2021-10-05 08:30:00',1,'tsb5327','tgdse jawsc'),(66,4,'2021-10-05 08:30:00','2021-10-05 08:40:00',0,'gku7182','pvnff nuoiy'),(67,4,'2021-10-05 08:40:00','2021-10-05 08:50:00',0,'cbl1742','eqcdh rtfwk'),(68,4,'2021-10-05 08:50:00','2021-10-05 09:20:00',1,'cja6731','cvpxz kkdez'),(69,4,'2021-10-05 09:20:00','2021-10-05 09:50:00',1,'jth5681','indlu nehqq'),(70,3,'2021-10-05 09:50:00','2021-10-05 10:20:00',1,'pyl6184','pconq tggdz'),(71,2,'2021-10-05 10:20:00','2021-10-05 10:50:00',1,'znl4454','gpqeb ghnuy'),(72,1,'2021-10-05 10:50:00','2021-10-05 11:20:00',1,'zjc1148','hmpip edrkb'),(73,4,'2021-10-05 11:20:00','2021-10-05 11:50:00',1,'bxh6746','xoccs mqykk'),(74,2,'2021-10-05 11:50:00','2021-10-05 12:20:00',1,'uve2284','lqsko ufwch'),(75,1,'2021-10-05 12:20:00','2021-10-05 12:50:00',1,'hgf8523','oqawf traza'),(76,2,'2021-10-05 12:50:00','2021-10-05 13:20:00',1,'ibt1481','nvmoh glkwf'),(77,1,'2021-10-05 13:20:00','2021-10-05 13:30:00',0,'eme7264','shwya lpjin'),(78,3,'2021-10-05 13:30:00','2021-10-05 14:00:00',1,'pwe2131','ybshe qafbh'),(79,3,'2021-10-05 14:00:00','2021-10-05 14:30:00',1,'don5744','revky ekznk'),(80,3,'2021-10-05 14:30:00','2021-10-05 15:00:00',1,'umr2143','vlhtg qcdnq'),(81,2,'2021-10-06 08:00:00','2021-10-06 08:10:00',0,'fst7186','hwxnu djard'),(82,4,'2021-10-06 08:10:00','2021-10-06 08:20:00',0,'drn2772','ujpkv mybjo'),(83,1,'2021-10-06 08:20:00','2021-10-06 08:50:00',1,'pcx6456','rijfx jwhqd'),(84,1,'2021-10-06 08:50:00','2021-10-06 09:00:00',0,'qan1648','oluok czyxu'),(85,4,'2021-10-06 09:00:00','2021-10-06 09:10:00',0,'jvj6876','njznr vobnt'),(86,2,'2021-10-06 09:10:00','2021-10-06 09:20:00',0,'zmw1737','gjdna gcqrc'),(87,1,'2021-10-06 09:20:00','2021-10-06 09:30:00',0,'oba4231','bhrnf zluyy'),(88,1,'2021-10-06 09:30:00','2021-10-06 09:40:00',0,'jhq8473','wgygy endzy'),(89,1,'2021-10-06 09:40:00','2021-10-06 09:50:00',0,'lku6783','cvqgd kophn'),(90,2,'2021-10-06 09:50:00','2021-10-06 10:00:00',0,'owb1633','nrobi comxm'),(91,4,'2021-10-06 10:00:00','2021-10-06 10:10:00',0,'nnb5276','ayoha qacap'),(92,2,'2021-10-06 10:10:00','2021-10-06 10:40:00',1,'cvu3285','ojbpf zuwgn'),(93,3,'2021-10-06 10:40:00','2021-10-06 10:50:00',0,'tyb5715','afkar plppo'),(94,1,'2021-10-06 10:50:00','2021-10-06 11:00:00',0,'rmh1611','pkewn meflc'),(95,1,'2021-10-06 11:00:00','2021-10-06 11:30:00',1,'lcv1271','ybeeg bnfoq'),(96,2,'2021-10-06 11:30:00','2021-10-06 12:00:00',1,'eww6464','esxlp yhdjz'),(97,1,'2021-10-07 08:00:00','2021-10-07 08:30:00',1,'wzh6322','cibtn txfsy'),(98,1,'2021-10-07 08:30:00','2021-10-07 09:00:00',1,'ypf6531','yjkby ynjak'),(99,1,'2021-10-07 09:00:00','2021-10-07 09:30:00',1,'oij5868','hbxuq yvjfc'),(100,2,'2021-10-07 09:30:00','2021-10-07 09:40:00',0,'ahz6218','kjdfc jyjga'),(101,3,'2021-10-07 09:40:00','2021-10-07 09:50:00',0,'xff6747','yctmc vtcof'),(102,4,'2021-10-07 09:50:00','2021-10-07 10:00:00',0,'xpr7787','hgkgc shhan'),(103,4,'2021-10-07 10:00:00','2021-10-07 10:30:00',1,'olg8576','mmzvx actyy'),(104,3,'2021-10-07 10:30:00','2021-10-07 11:00:00',1,'fzt8855','dkvjn ziofo'),(105,1,'2021-10-07 11:00:00','2021-10-07 11:30:00',1,'mck7221','uzfmg qrdoe'),(106,3,'2021-10-07 11:30:00','2021-10-07 11:40:00',0,'qmd3272','fpchy mcxbp'),(107,4,'2021-10-07 11:40:00','2021-10-07 12:10:00',1,'rnw6783','duagr zcvzj'),(108,1,'2021-10-07 12:10:00','2021-10-07 12:40:00',1,'fow2332','vexsl igfva'),(109,2,'2021-10-07 12:40:00','2021-10-07 13:10:00',1,'ycz3138','fcmpx vxmvh'),(110,1,'2021-10-07 13:10:00','2021-10-07 13:40:00',1,'grj1873','gvpar yglxw'),(111,3,'2021-10-07 13:40:00','2021-10-07 13:50:00',0,'por2482','uoyuz wpeob'),(112,2,'2021-10-07 13:50:00','2021-10-07 14:20:00',1,'zjz3418','rdlzh uwrbu'),(113,2,'2021-10-08 08:00:00','2021-10-08 08:10:00',0,'jao3423','jrnht kmsjw'),(114,4,'2021-10-08 08:10:00','2021-10-08 08:40:00',1,'zjw2663','ngijq rfeid'),(115,1,'2021-10-08 08:40:00','2021-10-08 08:50:00',0,'biq7562','igqop mnydb'),(116,4,'2021-10-08 08:50:00','2021-10-08 09:00:00',0,'ejl4283','sddby wytrg'),(117,3,'2021-10-08 09:00:00','2021-10-08 09:30:00',1,'arh8466','abzgo apepx'),(118,4,'2021-10-08 09:30:00','2021-10-08 09:40:00',0,'yog1644','tfdwa eeqej'),(119,1,'2021-10-08 09:40:00','2021-10-08 09:50:00',0,'heo1484','tycsf pialt'),(120,4,'2021-10-08 09:50:00','2021-10-08 10:00:00',0,'vbx8345','rmngp oafrn'),(121,4,'2021-10-08 10:00:00','2021-10-08 10:30:00',1,'eed8641','mdbmv pucec'),(122,2,'2021-10-08 10:30:00','2021-10-08 11:00:00',1,'own2363','xhqui jwrul'),(123,2,'2021-10-08 11:00:00','2021-10-08 11:10:00',0,'agb3117','dfrod gzlia'),(124,1,'2021-10-08 11:10:00','2021-10-08 11:40:00',1,'stj6173','qwkik svjwk'),(125,3,'2021-10-08 11:40:00','2021-10-08 12:10:00',1,'jmr7215','yaqzp lumow'),(126,4,'2021-10-08 12:10:00','2021-10-08 12:20:00',0,'sww4115','elljw tcqfc'),(127,3,'2021-10-08 12:20:00','2021-10-08 12:30:00',0,'fce5113','dnpsv bhvbo'),(128,2,'2021-10-08 12:30:00','2021-10-08 13:00:00',1,'haw2481','zoioh vfpna'),(129,2,'2021-10-09 08:00:00','2021-10-09 08:30:00',1,'fsd4558','ioccb bmyhz'),(130,1,'2021-10-09 08:30:00','2021-10-09 09:00:00',1,'xra1277','mdjkt uixbk'),(131,3,'2021-10-09 09:00:00','2021-10-09 09:10:00',0,'bze2418','pyekf zjegy'),(132,2,'2021-10-09 09:10:00','2021-10-09 09:40:00',1,'mfy4181','uzoud blalx'),(133,3,'2021-10-09 09:40:00','2021-10-09 09:50:00',0,'qky3841','oggqc ednxz'),(134,4,'2021-10-09 09:50:00','2021-10-09 10:20:00',1,'and8645','tfvca jtaza'),(135,3,'2021-10-09 10:20:00','2021-10-09 10:50:00',1,'pez2645','auhfq ykfjx'),(136,4,'2021-10-09 10:50:00','2021-10-09 11:20:00',1,'nit8833','qpcoq bqtrd'),(137,2,'2021-10-09 11:20:00','2021-10-09 11:50:00',1,'cha2565','ddodm suath'),(138,4,'2021-10-09 11:50:00','2021-10-09 12:00:00',0,'tpn2114','tivew xnbtd'),(139,2,'2021-10-09 12:00:00','2021-10-09 12:30:00',1,'hlj4643','oaesz pegld'),(140,2,'2021-10-09 12:30:00','2021-10-09 12:40:00',0,'ors7178','iffmd fwcmt'),(141,2,'2021-10-09 12:40:00','2021-10-09 12:50:00',0,'ekm2786','ywdle sqkwv'),(142,2,'2021-10-09 12:50:00','2021-10-09 13:00:00',0,'jso5412','mbdsk cklrc'),(143,4,'2021-10-09 13:00:00','2021-10-09 13:30:00',1,'fbw5664','agikz thppu'),(144,2,'2021-10-09 13:30:00','2021-10-09 14:00:00',1,'hiq4726','bvggd ytxjy'),(145,3,'2021-10-10 08:00:00','2021-10-10 08:10:00',0,'usm5682','exdxw qnhbb'),(146,4,'2021-10-10 08:10:00','2021-10-10 08:20:00',0,'lgc1121','dhxva ulchg'),(147,4,'2021-10-10 08:20:00','2021-10-10 08:50:00',1,'mra4361','qentp lsxon'),(148,1,'2021-10-10 08:50:00','2021-10-10 09:00:00',0,'uzz8531','oxtow uptkg'),(149,3,'2021-10-10 09:00:00','2021-10-10 09:10:00',0,'lvx2522','yfrwf smuuk'),(150,3,'2021-10-10 09:10:00','2021-10-10 09:40:00',1,'aqn5766','loapq nppia'),(151,3,'2021-10-10 09:40:00','2021-10-10 10:10:00',1,'zix4478','afdyl qjlfe'),(152,4,'2021-10-10 10:10:00','2021-10-10 10:40:00',1,'tvs7643','hyyps awagp'),(153,2,'2021-10-10 10:40:00','2021-10-10 11:10:00',1,'kkm7756','dvxzs qbhbq'),(154,1,'2021-10-10 11:10:00','2021-10-10 11:20:00',0,'zoo2121','oftmh esjpy'),(155,3,'2021-10-10 11:20:00','2021-10-10 11:50:00',1,'ylp2524','ubzys dnrrw'),(156,1,'2021-10-10 11:50:00','2021-10-10 12:00:00',0,'sfl1675','pqirf pdsrs'),(157,4,'2021-10-10 12:00:00','2021-10-10 12:30:00',1,'idq5155','rwote bttuj'),(158,4,'2021-10-10 12:30:00','2021-10-10 13:00:00',1,'rgr1754','ceuzr ogpkg'),(159,1,'2021-10-10 13:00:00','2021-10-10 13:30:00',1,'rve5832','zekgw nxjhi'),(160,3,'2021-10-10 13:30:00','2021-10-10 14:00:00',1,'pgl4786','meiqw sncib'),(161,4,'2021-10-11 08:00:00','2021-10-11 08:30:00',1,'wql7853','udofe klqhd'),(162,3,'2021-10-11 08:30:00','2021-10-11 08:40:00',0,'oqu7887','sgsps uskyd'),(163,4,'2021-10-11 08:40:00','2021-10-11 08:50:00',0,'jgj5742','jhtan nzrfj'),(164,2,'2021-10-11 08:50:00','2021-10-11 09:00:00',0,'wlt3816','yvyqh enbmw'),(165,4,'2021-10-11 09:00:00','2021-10-11 09:10:00',0,'aot1166','hefzw qmmkv'),(166,3,'2021-10-11 09:10:00','2021-10-11 09:20:00',0,'fxo7681','vkkcc ozevl'),(167,3,'2021-10-11 09:20:00','2021-10-11 09:50:00',1,'zoe3556','ytjnr qakkh'),(168,1,'2021-10-11 09:50:00','2021-10-11 10:00:00',0,'dgd1643','uejan uxklb'),(169,1,'2021-10-11 10:00:00','2021-10-11 10:10:00',0,'iek7786','kzgkp axlfv'),(170,3,'2021-10-11 10:10:00','2021-10-11 10:20:00',0,'qhs8142','gchjm xxrgh'),(171,2,'2021-10-11 10:20:00','2021-10-11 10:50:00',1,'voi6541','wnayj lfvgt'),(172,1,'2021-10-11 10:50:00','2021-10-11 11:20:00',1,'uem6726','tlllj tgdvp'),(173,4,'2021-10-11 11:20:00','2021-10-11 11:50:00',1,'kol2844','oftul rrzto'),(174,2,'2021-10-11 11:50:00','2021-10-11 12:20:00',1,'qgh7235','fsfdw gchtc'),(175,3,'2021-10-11 12:20:00','2021-10-11 12:50:00',1,'ctz1268','elhej otbxo'),(176,4,'2021-10-11 12:50:00','2021-10-11 13:20:00',1,'lgm6686','yuadl jzwdk'),(177,3,'2021-10-12 08:00:00','2021-10-12 08:30:00',1,'rnj1683','etqnh egrmy'),(178,1,'2021-10-12 08:30:00','2021-10-12 09:00:00',1,'dov4268','ddqlu cnrte'),(179,4,'2021-10-12 09:00:00','2021-10-12 09:30:00',1,'tmf7824','bhrts syvld'),(180,3,'2021-10-12 09:30:00','2021-10-12 09:40:00',0,'nii5368','dhweb xwxwd'),(181,1,'2021-10-12 09:40:00','2021-10-12 09:50:00',0,'flv4138','nronf ggxyp'),(182,1,'2021-10-12 09:50:00','2021-10-12 10:00:00',0,'vfz7357','lujfp zdhoq'),(183,3,'2021-10-12 10:00:00','2021-10-12 10:10:00',0,'enk5332','hjeux uckow'),(184,3,'2021-10-12 10:10:00','2021-10-12 10:20:00',0,'rmn3453','phqwd kydjt'),(185,3,'2021-10-12 10:20:00','2021-10-12 10:50:00',1,'rfd6336','gkjnj hfyxk'),(186,2,'2021-10-12 10:50:00','2021-10-12 11:00:00',0,'cgj5438','xcwih qcafi'),(187,2,'2021-10-12 11:00:00','2021-10-12 11:30:00',1,'aex1447','eziet ogolq'),(188,3,'2021-10-12 11:30:00','2021-10-12 11:40:00',0,'gha4252','ztyqn lvyrx'),(189,1,'2021-10-12 11:40:00','2021-10-12 12:10:00',1,'erf8144','tpyhl fhhtn'),(190,1,'2021-10-12 12:10:00','2021-10-12 12:20:00',0,'tio4343','dqzsz fjztr'),(191,4,'2021-10-12 12:20:00','2021-10-12 12:50:00',1,'ujb4156','mzhqd lwwpg'),(192,1,'2021-10-12 12:50:00','2021-10-12 13:20:00',1,'bzo8452','ksrav giokh'),(193,3,'2021-10-13 08:00:00','2021-10-13 08:30:00',1,'akq8855','zinns niher'),(194,2,'2021-10-13 08:30:00','2021-10-13 09:00:00',1,'rlb2282','bvomb rjzfc'),(195,1,'2021-10-13 09:00:00','2021-10-13 09:30:00',1,'cwa4271','idyfo uiaeh'),(196,4,'2021-10-13 09:30:00','2021-10-13 09:40:00',0,'vbl3131','tduab tqvnd'),(197,2,'2021-10-13 09:40:00','2021-10-13 10:10:00',1,'isj6184','xmfsm uszbd'),(198,2,'2021-10-13 10:10:00','2021-10-13 10:40:00',1,'aaf1673','ikvsj hqofv'),(199,2,'2021-10-13 10:40:00','2021-10-13 11:10:00',1,'jmw2456','afnhd akyzx'),(200,4,'2021-10-13 11:10:00','2021-10-13 11:20:00',0,'qjr1861','mfsga ijlrx'),(201,3,'2021-10-13 11:20:00','2021-10-13 11:30:00',0,'syr1882','qjgmt zrlcl'),(202,4,'2021-10-13 11:30:00','2021-10-13 11:40:00',0,'dfq6275','srczh sniut'),(203,3,'2021-10-13 11:40:00','2021-10-13 11:50:00',0,'piw8627','sjoyu qftwm'),(204,3,'2021-10-13 11:50:00','2021-10-13 12:20:00',1,'iqb6471','lnbgp irbrb'),(205,3,'2021-10-13 12:20:00','2021-10-13 12:30:00',0,'cqv8753','bybfp uayfn'),(206,3,'2021-10-13 12:30:00','2021-10-13 12:40:00',0,'lnu2357','kzjph brash'),(207,2,'2021-10-13 12:40:00','2021-10-13 13:10:00',1,'zgv2762','hhcay hxxur'),(208,3,'2021-10-13 13:10:00','2021-10-13 13:40:00',1,'oov3114','tkoan nrdbs'),(209,1,'2021-10-14 08:00:00','2021-10-14 08:10:00',0,'etm1181','ytrfp zgtub'),(210,3,'2021-10-14 08:10:00','2021-10-14 08:20:00',0,'mrh4375','cyenh ppeti'),(211,4,'2021-10-14 08:20:00','2021-10-14 08:30:00',0,'rfw2352','byaav viezl'),(212,2,'2021-10-14 08:30:00','2021-10-14 09:00:00',1,'wtb3114','xkjok ucvos'),(213,2,'2021-10-14 09:00:00','2021-10-14 09:30:00',1,'tta1184','uofjm tgune'),(214,3,'2021-10-14 09:30:00','2021-10-14 09:40:00',0,'oxj5136','ynnxn zwsot'),(215,3,'2021-10-14 09:40:00','2021-10-14 10:10:00',1,'acd7258','lcazb modbs'),(216,1,'2021-10-14 10:10:00','2021-10-14 10:20:00',0,'xuw7266','pnlmn hkqsu'),(217,3,'2021-10-14 10:20:00','2021-10-14 10:30:00',0,'axh8715','pwigk przzq'),(218,4,'2021-10-14 10:30:00','2021-10-14 10:40:00',0,'rrl3126','kqpam zteqr'),(219,1,'2021-10-14 10:40:00','2021-10-14 11:10:00',1,'rpn5712','xpbuq tgqjw'),(220,4,'2021-10-14 11:10:00','2021-10-14 11:20:00',0,'mxl1472','txthk qtruq'),(221,2,'2021-10-14 11:20:00','2021-10-14 11:50:00',1,'rkd2824','qaimr ufdcf'),(222,1,'2021-10-14 11:50:00','2021-10-14 12:20:00',1,'gms4758','hkacd agkgh'),(223,4,'2021-10-14 12:20:00','2021-10-14 12:50:00',1,'jfr4473','diguy naljf'),(224,1,'2021-10-14 12:50:00','2021-10-14 13:00:00',0,'zcx5315','gwjgm qtsas'),(225,4,'2021-10-15 08:00:00','2021-10-15 08:10:00',0,'yaq3335','vwrzz jefun'),(226,3,'2021-10-15 08:10:00','2021-10-15 08:40:00',1,'ttp2323','szuhq mcaqr'),(227,2,'2021-10-15 08:40:00','2021-10-15 09:10:00',1,'gzg5786','dfmra zmjhn'),(228,1,'2021-10-15 09:10:00','2021-10-15 09:20:00',0,'gxa8622','pgjal ppwwx'),(229,1,'2021-10-15 09:20:00','2021-10-15 09:50:00',1,'cuv4353','enpaz bwgxj'),(230,1,'2021-10-15 09:50:00','2021-10-15 10:20:00',1,'khg4677','hkidu alcev'),(231,3,'2021-10-15 10:20:00','2021-10-15 10:30:00',0,'tfq5637','mgnex acuut'),(232,2,'2021-10-15 10:30:00','2021-10-15 10:40:00',0,'epz3472','fppvb syxwi'),(233,2,'2021-10-15 10:40:00','2021-10-15 10:50:00',0,'mkb8683','sxhvy mfuaz'),(234,1,'2021-10-15 10:50:00','2021-10-15 11:00:00',0,'zyj8827','iujjz szepn'),(235,1,'2021-10-15 11:00:00','2021-10-15 11:30:00',1,'xag8313','dhpwr flvix'),(236,1,'2021-10-15 11:30:00','2021-10-15 12:00:00',1,'nln8827','tbtud mhlqf'),(237,2,'2021-10-15 12:00:00','2021-10-15 12:10:00',0,'dbp1222','fuztl ererj'),(238,2,'2021-10-15 12:10:00','2021-10-15 12:40:00',1,'esn1653','jqpko wbuoe'),(239,4,'2021-10-15 12:40:00','2021-10-15 12:50:00',0,'srs8336','ttnos ftked'),(240,2,'2021-10-15 12:50:00','2021-10-15 13:20:00',1,'jlj3568','wppus zgxzm'),(241,3,'2021-10-16 08:00:00','2021-10-16 08:10:00',0,'teh5354','lhzkv enbbw'),(242,2,'2021-10-16 08:10:00','2021-10-16 08:40:00',1,'jid6834','rwlvz usanp'),(243,2,'2021-10-16 08:40:00','2021-10-16 09:10:00',1,'lzt1313','rwubv dkwvb'),(244,2,'2021-10-16 09:10:00','2021-10-16 09:40:00',1,'hay1837','hplhm rfate'),(245,4,'2021-10-16 09:40:00','2021-10-16 10:10:00',1,'tfo6224','ganba jseqx'),(246,1,'2021-10-16 10:10:00','2021-10-16 10:40:00',1,'hwf8556','jzbxc qndtr'),(247,1,'2021-10-16 10:40:00','2021-10-16 10:50:00',0,'wna2241','hlkfl yonek'),(248,4,'2021-10-16 10:50:00','2021-10-16 11:00:00',0,'kct5827','xjxhv colir'),(249,2,'2021-10-16 11:00:00','2021-10-16 11:10:00',0,'lzr7533','qhrst hzqrc'),(250,3,'2021-10-16 11:10:00','2021-10-16 11:40:00',1,'glq2761','ysiua avxsn'),(251,4,'2021-10-16 11:40:00','2021-10-16 11:50:00',0,'woh8715','cmsoz rhyci'),(252,3,'2021-10-16 11:50:00','2021-10-16 12:00:00',0,'fmy5144','zeohg utpjk'),(253,2,'2021-10-16 12:00:00','2021-10-16 12:10:00',0,'vca5785','bojre gwsrw'),(254,1,'2021-10-16 12:10:00','2021-10-16 12:40:00',1,'nxw7247','gkkrl mzhai'),(255,2,'2021-10-16 12:40:00','2021-10-16 13:10:00',1,'cjs1615','alglk qpzwd'),(256,1,'2021-10-16 13:10:00','2021-10-16 13:40:00',1,'jor3125','kfkvj xbccw'),(257,3,'2021-10-17 08:00:00','2021-10-17 08:10:00',0,'giv7628','bqxtv zazug'),(258,4,'2021-10-17 08:10:00','2021-10-17 08:20:00',0,'mjd5744','tkdzz ybjhf'),(259,2,'2021-10-17 08:20:00','2021-10-17 08:30:00',0,'lrn4721','rpnqj hclxr'),(260,1,'2021-10-17 08:30:00','2021-10-17 09:00:00',1,'aeg2261','gidbs onkfy'),(261,4,'2021-10-17 09:00:00','2021-10-17 09:10:00',0,'hyo8266','ikikn aajnd'),(262,2,'2021-10-17 09:10:00','2021-10-17 09:40:00',1,'zip3726','xdcyt vgydb'),(263,2,'2021-10-17 09:40:00','2021-10-17 09:50:00',0,'eym6527','tofoz zysrx'),(264,4,'2021-10-17 09:50:00','2021-10-17 10:20:00',1,'zdp2215','vaifh awjqo'),(265,3,'2021-10-17 10:20:00','2021-10-17 10:50:00',1,'ijz7861','xkxmb vdzhi'),(266,4,'2021-10-17 10:50:00','2021-10-17 11:20:00',1,'asi5262','iaipw skfqd'),(267,4,'2021-10-17 11:20:00','2021-10-17 11:30:00',0,'czb3212','rpnrf xktaw'),(268,1,'2021-10-17 11:30:00','2021-10-17 12:00:00',1,'exc8233','jpmbp kneqc'),(269,4,'2021-10-17 12:00:00','2021-10-17 12:10:00',0,'gam4614','tbjts jagvq'),(270,2,'2021-10-17 12:10:00','2021-10-17 12:20:00',0,'apf4555','blmrx pspxk'),(271,1,'2021-10-17 12:20:00','2021-10-17 12:50:00',1,'nwh1531','todac guntw'),(272,1,'2021-10-17 12:50:00','2021-10-17 13:00:00',0,'ajf8565','snayv amypj'),(273,3,'2021-10-18 08:00:00','2021-10-18 08:30:00',1,'xhg5548','gjvky xytdv'),(274,1,'2021-10-18 08:30:00','2021-10-18 08:40:00',0,'kof2467','zillq emjdp'),(275,1,'2021-10-18 08:40:00','2021-10-18 09:10:00',1,'tqh2743','bapup mnhmv'),(276,1,'2021-10-18 09:10:00','2021-10-18 09:40:00',1,'ybd5766','qgtih xmkuz'),(277,2,'2021-10-18 09:40:00','2021-10-18 10:10:00',1,'lcq2168','cphja lamyp'),(278,3,'2021-10-18 10:10:00','2021-10-18 10:40:00',1,'mgk6224','fwnyi lnnsg'),(279,3,'2021-10-18 10:40:00','2021-10-18 11:10:00',1,'scn6822','twjlg grlcq'),(280,2,'2021-10-18 11:10:00','2021-10-18 11:20:00',0,'zgi4584','naqdd mdikb'),(281,3,'2021-10-18 11:20:00','2021-10-18 11:50:00',1,'pdu7884','utukf bfchf'),(282,2,'2021-10-18 11:50:00','2021-10-18 12:20:00',1,'chw1422','lanfl rhgay'),(283,1,'2021-10-18 12:20:00','2021-10-18 12:50:00',1,'goa1522','xcgeb mxezp'),(284,2,'2021-10-18 12:50:00','2021-10-18 13:20:00',1,'jtz4342','wwfpr ahrib'),(285,1,'2021-10-18 13:20:00','2021-10-18 13:50:00',1,'eun6345','obfjy gvrzx'),(286,1,'2021-10-18 13:50:00','2021-10-18 14:20:00',1,'ava8226','hylmm jcknc'),(287,1,'2021-10-18 14:20:00','2021-10-18 14:30:00',0,'dzl6573','pgwcv ynsxh'),(288,1,'2021-10-18 14:30:00','2021-10-18 14:40:00',0,'zxv4786','soutb chskw'),(289,2,'2021-10-19 08:00:00','2021-10-19 08:30:00',1,'rce4817','huasb aezrm'),(290,1,'2021-10-19 08:30:00','2021-10-19 08:40:00',0,'gsp2678','wmfdi afkmu'),(291,3,'2021-10-19 08:40:00','2021-10-19 09:10:00',1,'lee5343','ergma ckedi'),(292,1,'2021-10-19 09:10:00','2021-10-19 09:20:00',0,'bmc6371','biuxm uieed'),(293,3,'2021-10-19 09:20:00','2021-10-19 09:30:00',0,'qpw6752','nyvru orxzy'),(294,2,'2021-10-19 09:30:00','2021-10-19 10:00:00',1,'zca3356','zxxog oxydr'),(295,2,'2021-10-19 10:00:00','2021-10-19 10:10:00',0,'mde3768','rshky ihcnv'),(296,4,'2021-10-19 10:10:00','2021-10-19 10:20:00',0,'eym2568','qowwy ezugu'),(297,3,'2021-10-19 10:20:00','2021-10-19 10:30:00',0,'cue7673','zcyjk jlphd'),(298,3,'2021-10-19 10:30:00','2021-10-19 11:00:00',1,'bgv6385','prfwh liaoy'),(299,4,'2021-10-19 11:00:00','2021-10-19 11:30:00',1,'aib5835','eyrux nvmsa'),(300,2,'2021-10-19 11:30:00','2021-10-19 12:00:00',1,'jgj7516','qpgcr gvuwd'),(301,2,'2021-10-19 12:00:00','2021-10-19 12:30:00',1,'onq8588','rnnta noqgu'),(302,1,'2021-10-19 12:30:00','2021-10-19 12:40:00',0,'srn1538','ocatn byzoe'),(303,4,'2021-10-19 12:40:00','2021-10-19 12:50:00',0,'okj2752','lzran ohxnm'),(304,4,'2021-10-19 12:50:00','2021-10-19 13:20:00',1,'fgb6437','hodze giezs'),(305,3,'2021-10-20 08:00:00','2021-10-20 08:30:00',1,'otq1262','ekezh hnaey'),(306,2,'2021-10-20 08:30:00','2021-10-20 09:00:00',1,'czo6447','shbjm rdfba'),(307,1,'2021-10-20 09:00:00','2021-10-20 09:10:00',0,'mfs5554','rtqol csjzs'),(308,3,'2021-10-20 09:10:00','2021-10-20 09:20:00',0,'see4125','rssap tqelp'),(309,4,'2021-10-20 09:20:00','2021-10-20 09:30:00',0,'ubo5142','asmzd kvdpx'),(310,4,'2021-10-20 09:30:00','2021-10-20 10:00:00',1,'shq4637','dkanw pdlsh'),(311,3,'2021-10-20 10:00:00','2021-10-20 10:30:00',1,'aut1563','zuwzi fotcb'),(312,4,'2021-10-20 10:30:00','2021-10-20 11:00:00',1,'lrv7115','czrqy ymzmr'),(313,3,'2021-10-20 11:00:00','2021-10-20 11:10:00',0,'iev7831','uedhc rmgcq'),(314,3,'2021-10-20 11:10:00','2021-10-20 11:40:00',1,'skt3324','rbffh pdzry'),(315,4,'2021-10-20 11:40:00','2021-10-20 11:50:00',0,'jet1144','tcvpz bylwb'),(316,4,'2021-10-20 11:50:00','2021-10-20 12:20:00',1,'ylm8821','dkaoh oouzv'),(317,4,'2021-10-20 12:20:00','2021-10-20 12:50:00',1,'nsg2461','snepl axmmm'),(318,4,'2021-10-20 12:50:00','2021-10-20 13:00:00',0,'ell8333','vmrtm xxlvb'),(319,4,'2021-10-20 13:00:00','2021-10-20 13:10:00',0,'voz8334','njmya yqgpc'),(320,4,'2021-10-20 13:10:00','2021-10-20 13:20:00',0,'mar6288','svcbc fmigz'),(321,4,'2021-10-21 08:00:00','2021-10-21 08:10:00',0,'jxj5545','ffxob mwdqy'),(322,2,'2021-10-21 08:10:00','2021-10-21 08:20:00',0,'ehu7754','udqsc lygol'),(323,3,'2021-10-21 08:20:00','2021-10-21 08:50:00',1,'eoi4247','xukur bofnw'),(324,2,'2021-10-21 08:50:00','2021-10-21 09:00:00',0,'auz8316','hsaqo tnuvn'),(325,3,'2021-10-21 09:00:00','2021-10-21 09:30:00',1,'ksq5722','rgyjr lbcca'),(326,2,'2021-10-21 09:30:00','2021-10-21 10:00:00',1,'hky1321','qwbhd qaqwd'),(327,2,'2021-10-21 10:00:00','2021-10-21 10:30:00',1,'btb3468','plmpd styzh'),(328,2,'2021-10-21 10:30:00','2021-10-21 10:40:00',0,'ssy7168','zmwnt spwfg'),(329,2,'2021-10-21 10:40:00','2021-10-21 11:10:00',1,'vne6725','yolyo addbu'),(330,3,'2021-10-21 11:10:00','2021-10-21 11:20:00',0,'mop7827','mstxs qstut'),(331,3,'2021-10-21 11:20:00','2021-10-21 11:30:00',0,'rzt5883','imtls batjp'),(332,1,'2021-10-21 11:30:00','2021-10-21 11:40:00',0,'acl8133','xsjne vfgdf'),(333,3,'2021-10-21 11:40:00','2021-10-21 11:50:00',0,'gfm3652','cmiwm orrlz'),(334,4,'2021-10-21 11:50:00','2021-10-21 12:00:00',0,'ifc7767','kbqxc myequ'),(335,1,'2021-10-21 12:00:00','2021-10-21 12:10:00',0,'cat6638','vtldg bocch'),(336,4,'2021-10-21 12:10:00','2021-10-21 12:20:00',0,'bbc8455','zqxoh nfzjp'),(337,1,'2021-10-22 08:00:00','2021-10-22 08:30:00',1,'gxi8671','mlmci meqqt'),(338,3,'2021-10-22 08:30:00','2021-10-22 09:00:00',1,'xei4687','mdsrf vgmfr'),(339,1,'2021-10-22 09:00:00','2021-10-22 09:30:00',1,'xzc4826','autfj gvhxq'),(340,4,'2021-10-22 09:30:00','2021-10-22 10:00:00',1,'fgp7644','vehfs rbwln'),(341,3,'2021-10-22 10:00:00','2021-10-22 10:30:00',1,'off7371','oyvxz flncx'),(342,4,'2021-10-22 10:30:00','2021-10-22 11:00:00',1,'srw3733','ewxpl zknfe'),(343,1,'2021-10-22 11:00:00','2021-10-22 11:30:00',1,'kso7888','cynwb rcmjv'),(344,1,'2021-10-22 11:30:00','2021-10-22 11:40:00',0,'rmm6276','cdsmz maows'),(345,3,'2021-10-22 11:40:00','2021-10-22 12:10:00',1,'kpx5647','sbvjf miayz'),(346,2,'2021-10-22 12:10:00','2021-10-22 12:40:00',1,'bnm1268','jnkhn qxlac'),(347,1,'2021-10-22 12:40:00','2021-10-22 13:10:00',1,'njx7536','kywto hsjdp'),(348,4,'2021-10-22 13:10:00','2021-10-22 13:40:00',1,'uqi7337','xifhf iprqm'),(349,4,'2021-10-22 13:40:00','2021-10-22 13:50:00',0,'tjg1255','mtrzm zuuhf'),(350,3,'2021-10-22 13:50:00','2021-10-22 14:00:00',0,'sos4584','iojsc pxuzo'),(351,2,'2021-10-22 14:00:00','2021-10-22 14:30:00',1,'tts4831','enwme mwlif'),(352,4,'2021-10-22 14:30:00','2021-10-22 14:40:00',0,'xby4824','xvyra tpriz'),(353,3,'2021-10-23 08:00:00','2021-10-23 08:30:00',1,'fcf3211','pycdg ozqyp'),(354,2,'2021-10-23 08:30:00','2021-10-23 08:40:00',0,'wky3248','llosa kabii'),(355,2,'2021-10-23 08:40:00','2021-10-23 09:10:00',1,'acc4448','kszwa ipmhi'),(356,3,'2021-10-23 09:10:00','2021-10-23 09:20:00',0,'xhy4688','fymqm sqryx'),(357,4,'2021-10-23 09:20:00','2021-10-23 09:30:00',0,'rlr3138','qrucq ndfnn'),(358,4,'2021-10-23 09:30:00','2021-10-23 09:40:00',0,'wdr1457','pvwer hsopi'),(359,2,'2021-10-23 09:40:00','2021-10-23 09:50:00',0,'lhq4763','ixtll uriql'),(360,3,'2021-10-23 09:50:00','2021-10-23 10:20:00',1,'qst7873','sxtyc ujgta'),(361,1,'2021-10-23 10:20:00','2021-10-23 10:50:00',1,'voe4534','lcmae cpocr'),(362,2,'2021-10-23 10:50:00','2021-10-23 11:00:00',0,'xyj3171','dmdbn gsios'),(363,2,'2021-10-23 11:00:00','2021-10-23 11:10:00',0,'hbu5126','qoung goqyn'),(364,3,'2021-10-23 11:10:00','2021-10-23 11:40:00',1,'ifs6171','mzsti qfeae'),(365,1,'2021-10-23 11:40:00','2021-10-23 11:50:00',0,'ius2642','kvmui njxgn'),(366,2,'2021-10-23 11:50:00','2021-10-23 12:00:00',0,'ipk1743','vfkhk glhov'),(367,1,'2021-10-23 12:00:00','2021-10-23 12:10:00',0,'ikb8371','xwayh wdfth'),(368,2,'2021-10-23 12:10:00','2021-10-23 12:40:00',1,'zfx8635','jokrs qwukl'),(369,4,'2021-10-24 08:00:00','2021-10-24 08:30:00',1,'xoc2376','ozxeq enajq'),(370,3,'2021-10-24 08:30:00','2021-10-24 09:00:00',1,'ubu1182','ngdya neipn'),(371,4,'2021-10-24 09:00:00','2021-10-24 09:30:00',1,'dod5365','jaaxv jivis'),(372,2,'2021-10-24 09:30:00','2021-10-24 09:40:00',0,'zwl1287','ycmin prwls'),(373,4,'2021-10-24 09:40:00','2021-10-24 09:50:00',0,'pzw5883','wppfs wwgjm'),(374,3,'2021-10-24 09:50:00','2021-10-24 10:00:00',0,'qwb2353','uzaex bjlbp'),(375,4,'2021-10-24 10:00:00','2021-10-24 10:10:00',0,'ywx8347','gwnvq xdmsx'),(376,4,'2021-10-24 10:10:00','2021-10-24 10:20:00',0,'kpy7862','fxyqw plcpi'),(377,2,'2021-10-24 10:20:00','2021-10-24 10:50:00',1,'bof2327','rekrs roujv'),(378,4,'2021-10-24 10:50:00','2021-10-24 11:20:00',1,'rex2656','kvybv nmxkc'),(379,3,'2021-10-24 11:20:00','2021-10-24 11:30:00',0,'ggn2578','qihnw cipbg'),(380,3,'2021-10-24 11:30:00','2021-10-24 12:00:00',1,'kvg8828','wsrdo ssjzm'),(381,3,'2021-10-24 12:00:00','2021-10-24 12:10:00',0,'jac4734','bcxyp opcik'),(382,1,'2021-10-24 12:10:00','2021-10-24 12:20:00',0,'ees6555','qxtcm xdzib'),(383,1,'2021-10-24 12:20:00','2021-10-24 12:50:00',1,'mjc8614','gtlod dtkhh'),(384,1,'2021-10-24 12:50:00','2021-10-24 13:20:00',1,'kqb2885','ogyed qxrwd'),(385,4,'2021-10-25 08:00:00','2021-10-25 08:10:00',0,'zcc5187','qmuvg fqnly'),(386,2,'2021-10-25 08:10:00','2021-10-25 08:40:00',1,'tgo7158','aetkn oreiw'),(387,3,'2021-10-25 08:40:00','2021-10-25 09:10:00',1,'ugb4638','nouhv lrkus'),(388,1,'2021-10-25 09:10:00','2021-10-25 09:40:00',1,'wpw3248','vlqrz ssmcd'),(389,3,'2021-10-25 09:40:00','2021-10-25 09:50:00',0,'ecr4147','irbqs huaoo'),(390,4,'2021-10-25 09:50:00','2021-10-25 10:00:00',0,'tnv1611','xvuuv bhyqs'),(391,4,'2021-10-25 10:00:00','2021-10-25 10:30:00',1,'vzb4355','vrhvh fficl'),(392,3,'2021-10-25 10:30:00','2021-10-25 11:00:00',1,'opi5348','dornq amrnt'),(393,3,'2021-10-25 11:00:00','2021-10-25 11:30:00',1,'jkj6644','phfvp vinmw'),(394,1,'2021-10-25 11:30:00','2021-10-25 11:40:00',0,'dyn7484','lgftg oqrls'),(395,2,'2021-10-25 11:40:00','2021-10-25 12:10:00',1,'omg1335','jmoda tscok'),(396,3,'2021-10-25 12:10:00','2021-10-25 12:20:00',0,'ycd7684','zcuki ffgaf'),(397,4,'2021-10-25 12:20:00','2021-10-25 12:50:00',1,'yug7345','tudye gwvuu'),(398,4,'2021-10-25 12:50:00','2021-10-25 13:00:00',0,'leu5755','uhefh amzeq'),(399,3,'2021-10-25 13:00:00','2021-10-25 13:10:00',0,'azy3665','vxoee gmhqo'),(400,1,'2021-10-25 13:10:00','2021-10-25 13:40:00',1,'bol8582','fdkhi wrrub'),(401,4,'2021-10-26 08:00:00','2021-10-26 08:30:00',1,'gfv7224','bzwnv vxsju'),(402,3,'2021-10-26 08:30:00','2021-10-26 09:00:00',1,'hnp6877','zctor nrlyu'),(403,1,'2021-10-26 09:00:00','2021-10-26 09:10:00',0,'mha7248','haimh qlrlc'),(404,2,'2021-10-26 09:10:00','2021-10-26 09:40:00',1,'nru7416','sffgr kgyvw'),(405,4,'2021-10-26 09:40:00','2021-10-26 10:10:00',1,'bir8665','loldq scqps'),(406,3,'2021-10-26 10:10:00','2021-10-26 10:20:00',0,'hae6832','czalk qmojd'),(407,1,'2021-10-26 10:20:00','2021-10-26 10:30:00',0,'npv7716','xcmdz nrotq'),(408,2,'2021-10-26 10:30:00','2021-10-26 10:40:00',0,'tdz1174','scbzx drvao'),(409,1,'2021-10-26 10:40:00','2021-10-26 11:10:00',1,'bvx2268','rnaqp znago'),(410,3,'2021-10-26 11:10:00','2021-10-26 11:40:00',1,'ouy4777','ulcin aoaya'),(411,1,'2021-10-26 11:40:00','2021-10-26 12:10:00',1,'fcg3875','hnnho suqnn'),(412,2,'2021-10-26 12:10:00','2021-10-26 12:20:00',0,'yll8238','ozvnt nxrgt'),(413,4,'2021-10-26 12:20:00','2021-10-26 12:30:00',0,'fus6657','whrxb oqwrn'),(414,2,'2021-10-26 12:30:00','2021-10-26 13:00:00',1,'saq3174','pswah vojtu'),(415,4,'2021-10-26 13:00:00','2021-10-26 13:30:00',1,'wfn2267','tgack xdmia'),(416,1,'2021-10-26 13:30:00','2021-10-26 13:40:00',0,'icu5657','ywjtv ivcme'),(417,1,'2021-10-27 08:00:00','2021-10-27 08:10:00',0,'lzt4643','ynpiq sgbjv'),(418,3,'2021-10-27 08:10:00','2021-10-27 08:40:00',1,'xkr2411','iuqqb bqaaz'),(419,4,'2021-10-27 08:40:00','2021-10-27 09:10:00',1,'utb4632','rlkcf ujykq'),(420,2,'2021-10-27 09:10:00','2021-10-27 09:20:00',0,'ate7185','xrytb luxox'),(421,4,'2021-10-27 09:20:00','2021-10-27 09:30:00',0,'jxi7364','huloh vkrab'),(422,3,'2021-10-27 09:30:00','2021-10-27 09:40:00',0,'dst6787','bjapx fkyca'),(423,3,'2021-10-27 09:40:00','2021-10-27 10:10:00',1,'jms8755','nkhln rcalj'),(424,2,'2021-10-27 10:10:00','2021-10-27 10:40:00',1,'dzb2275','yedlu yatvt'),(425,1,'2021-10-27 10:40:00','2021-10-27 10:50:00',0,'rky3877','brtix terks'),(426,4,'2021-10-27 10:50:00','2021-10-27 11:20:00',1,'xda5458','ilygs rzebh'),(427,3,'2021-10-27 11:20:00','2021-10-27 11:50:00',1,'ocb2176','kacyn saldl'),(428,1,'2021-10-27 11:50:00','2021-10-27 12:20:00',1,'ubq5871','hdszf dbphp'),(429,4,'2021-10-27 12:20:00','2021-10-27 12:30:00',0,'ywc2125','xxyzf rjkfe'),(430,3,'2021-10-27 12:30:00','2021-10-27 13:00:00',1,'xwq3182','vquro hntob'),(431,4,'2021-10-27 13:00:00','2021-10-27 13:10:00',0,'vyz6744','monue zfpsi'),(432,3,'2021-10-27 13:10:00','2021-10-27 13:40:00',1,'frb5565','byido vovxx'),(433,1,'2021-10-28 08:00:00','2021-10-28 08:30:00',1,'iqx6486','dlatn qltfu'),(434,3,'2021-10-28 08:30:00','2021-10-28 09:00:00',1,'sgl8655','rdchh swfwc'),(435,4,'2021-10-28 09:00:00','2021-10-28 09:30:00',1,'yot3756','aztui rgsde'),(436,3,'2021-10-28 09:30:00','2021-10-28 10:00:00',1,'vas3126','dozqu zaovk'),(437,1,'2021-10-28 10:00:00','2021-10-28 10:30:00',1,'ids8636','rkgqo lpsnf'),(438,1,'2021-10-28 10:30:00','2021-10-28 10:40:00',0,'lah2871','xqimj guoci'),(439,4,'2021-10-28 10:40:00','2021-10-28 10:50:00',0,'wcb7214','xzpkt mxqtu'),(440,3,'2021-10-28 10:50:00','2021-10-28 11:20:00',1,'ehh4215','cjowz zhygy'),(441,4,'2021-10-28 11:20:00','2021-10-28 11:30:00',0,'cuy3633','ivbwr poiyi'),(442,4,'2021-10-28 11:30:00','2021-10-28 11:40:00',0,'vyo4184','rzwco vqlks'),(443,4,'2021-10-28 11:40:00','2021-10-28 12:10:00',1,'fuy7875','kgbdw ynsfa'),(444,1,'2021-10-28 12:10:00','2021-10-28 12:40:00',1,'sqf5384','fcntr dkfqf'),(445,1,'2021-10-28 12:40:00','2021-10-28 13:10:00',1,'cyg3534','rmnms wignz'),(446,4,'2021-10-28 13:10:00','2021-10-28 13:20:00',0,'agk8673','qgwin uazlu'),(447,1,'2021-10-28 13:20:00','2021-10-28 13:30:00',0,'dqr5464','lmomw mcebl'),(448,1,'2021-10-28 13:30:00','2021-10-28 14:00:00',1,'pqh8824','zympi owmug'),(449,2,'2021-10-29 08:00:00','2021-10-29 08:10:00',0,'fie7826','tuywz kcfqe'),(450,4,'2021-10-29 08:10:00','2021-10-29 08:40:00',1,'kcf8426','bihbn zviue'),(451,4,'2021-10-29 08:40:00','2021-10-29 09:10:00',1,'cau7236','stwhp fesus'),(452,3,'2021-10-29 09:10:00','2021-10-29 09:20:00',0,'ewr8233','mopex dmrnx'),(453,2,'2021-10-29 09:20:00','2021-10-29 09:30:00',0,'zky1122','pmccb knxki'),(454,4,'2021-10-29 09:30:00','2021-10-29 09:40:00',0,'ypt6787','bioto gfqsw'),(455,1,'2021-10-29 09:40:00','2021-10-29 10:10:00',1,'wdy5128','frldo heifq'),(456,4,'2021-10-29 10:10:00','2021-10-29 10:40:00',1,'cxf5877','hynzu mkmyt'),(457,4,'2021-10-29 10:40:00','2021-10-29 11:10:00',1,'lce1185','tqiuo pzyem'),(458,2,'2021-10-29 11:10:00','2021-10-29 11:40:00',1,'dpa2582','imgay ikxkb'),(459,1,'2021-10-29 11:40:00','2021-10-29 12:10:00',1,'ozh3254','uldyy scutb'),(460,2,'2021-10-29 12:10:00','2021-10-29 12:40:00',1,'wmi5256','mblun lrqrr'),(461,4,'2021-10-29 12:40:00','2021-10-29 13:10:00',1,'win2558','llomi ovxxr'),(462,2,'2021-10-29 13:10:00','2021-10-29 13:40:00',1,'aar2213','hmfjw wubzq'),(463,1,'2021-10-29 13:40:00','2021-10-29 14:10:00',1,'wmr2448','gqfnf tuwfw'),(464,4,'2021-10-29 14:10:00','2021-10-29 14:40:00',1,'zkd7366','cccei fvdmh'),(465,2,'2021-10-30 08:00:00','2021-10-30 08:10:00',0,'hhz4535','vjuwq czcwi'),(466,1,'2021-10-30 08:10:00','2021-10-30 08:40:00',1,'twv2481','wzoqs gbpoc'),(467,3,'2021-10-30 08:40:00','2021-10-30 08:50:00',0,'mgr4745','roayg xugvc'),(468,4,'2021-10-30 08:50:00','2021-10-30 09:00:00',0,'yif2826','pkmkk yztus'),(469,3,'2021-10-30 09:00:00','2021-10-30 09:30:00',1,'ekz3231','aputj riwae'),(470,2,'2021-10-30 09:30:00','2021-10-30 09:40:00',0,'iar6462','gfbyr uklof'),(471,3,'2021-10-30 09:40:00','2021-10-30 09:50:00',0,'hxk6134','pdrvu axaqx'),(472,2,'2021-10-30 09:50:00','2021-10-30 10:20:00',1,'djt5171','mdfvy bihtn'),(473,3,'2021-10-30 10:20:00','2021-10-30 10:30:00',0,'rfj7245','kmsdt qrogx'),(474,4,'2021-10-30 10:30:00','2021-10-30 11:00:00',1,'bhi4432','qthhw devfc'),(475,2,'2021-10-30 11:00:00','2021-10-30 11:10:00',0,'atn3543','dthnt qtqxq'),(476,2,'2021-10-30 11:10:00','2021-10-30 11:20:00',0,'bcv4351','didoz uittb'),(477,1,'2021-10-30 11:20:00','2021-10-30 11:30:00',0,'mga7543','oszpr shstw'),(478,3,'2021-10-30 11:30:00','2021-10-30 12:00:00',1,'lzq1447','imyfv cwfsd'),(479,2,'2021-10-30 12:00:00','2021-10-30 12:10:00',0,'dth1642','crxpn wfzmo'),(480,2,'2021-10-30 12:10:00','2021-10-30 12:20:00',0,'xrq1524','nzuyr ljsrc');
/*!40000 ALTER TABLE `registration` ENABLE KEYS */;
UNLOCK TABLES;

--
-- Table structure for table `registration_reason_assoc`
--

DROP TABLE IF EXISTS `registration_reason_assoc`;
/*!40101 SET @saved_cs_client     = @@character_set_client */;
/*!50503 SET character_set_client = utf8mb4 */;
CREATE TABLE `registration_reason_assoc` (
  `registration_id` int(11) NOT NULL,
  `reason_id` int(11) NOT NULL,
  PRIMARY KEY (`registration_id`,`reason_id`),
  KEY `registrationReasonAssoc_reason_fk` (`reason_id`),
  CONSTRAINT `registrationReasonAssoc_reason_fk` FOREIGN KEY (`reason_id`) REFERENCES `reason` (`reason_id`),
  CONSTRAINT `registrationReasonAssoc_registration_fk` FOREIGN KEY (`registration_id`) REFERENCES `registration` (`registration_id`)
) ENGINE=InnoDB DEFAULT CHARSET=utf8;
/*!40101 SET character_set_client = @saved_cs_client */;

--
-- Dumping data for table `registration_reason_assoc`
--

LOCK TABLES `registration_reason_assoc` WRITE;
/*!40000 ALTER TABLE `registration_reason_assoc` DISABLE KEYS */;
INSERT INTO `registration_reason_assoc` VALUES (2,1),(3,1),(6,1),(25,1),(29,1),(30,1),(34,1),(56,1),(62,1),(68,1),(74,1),(75,1),(79,1),(80,1),(95,1),(97,1),(98,1),(99,1),(108,1),(110,1),(112,1),(114,1),(125,1),(128,1),(130,1),(136,1),(139,1),(147,1),(153,1),(157,1),(158,1),(171,1),(172,1),(173,1),(174,1),(176,1),(177,1),(185,1),(191,1),(192,1),(199,1),(204,1),(207,1),(213,1),(222,1),(223,1),(243,1),(244,1),(260,1),(264,1),(266,1),(268,1),(271,1),(282,1),(291,1),(298,1),(299,1),(301,1),(304,1),(311,1),(314,1),(325,1),(326,1),(327,1),(337,1),(341,1),(343,1),(345,1),(360,1),(368,1),(371,1),(380,1),(391,1),(392,1),(402,1),(410,1),(411,1),(415,1),(427,1),(433,1),(434,1),(448,1),(456,1),(459,1),(460,1),(461,1),(462,1),(463,1),(466,1),(3,2),(7,2),(8,2),(16,2),(19,2),(25,2),(28,2),(29,2),(32,2),(33,2),(34,2),(37,2),(46,2),(48,2),(49,2),(50,2),(53,2),(59,2),(65,2),(68,2),(69,2),(72,2),(74,2),(78,2),(79,2),(96,2),(103,2),(105,2),(107,2),(108,2),(109,2),(112,2),(114,2),(117,2),(128,2),(129,2),(130,2),(132,2),(134,2),(135,2),(136,2),(143,2),(144,2),(152,2),(153,2),(155,2),(158,2),(159,2),(160,2),(167,2),(171,2),(176,2),(177,2),(178,2),(179,2),(187,2),(189,2),(191,2),(194,2),(195,2),(197,2),(198,2),(204,2),(207,2),(215,2),(219,2),(221,2),(222,2),(223,2),(229,2),(230,2),(236,2),(238,2),(245,2),(246,2),(250,2),(254,2),(256,2),(265,2),(268,2),(271,2),(273,2),(275,2),(277,2),(281,2),(283,2),(284,2),(286,2),(289,2),(291,2),(298,2),(305,2),(306,2),(312,2),(325,2),(327,2),(329,2),(338,2),(339,2),(340,2),(341,2),(342,2),(351,2),(353,2),(360,2),(361,2),(370,2),(378,2),(384,2),(386,2),(387,2),(392,2),(397,2),(400,2),(410,2),(411,2),(419,2),(424,2),(426,2),(428,2),(430,2),(435,2),(443,2),(444,2),(451,2),(456,2),(457,2),(458,2),(464,2),(466,2),(469,2),(472,2),(474,2),(478,2),(2,3),(6,3),(8,3),(9,3),(12,3),(13,3),(16,3),(32,3),(37,3),(41,3),(53,3),(56,3),(57,3),(75,3),(78,3),(83,3),(95,3),(98,3),(99,3),(103,3),(104,3),(109,3),(122,3),(124,3),(129,3),(139,3),(143,3),(151,3),(159,3),(161,3),(167,3),(173,3),(175,3),(185,3),(187,3),(189,3),(192,3),(193,3),(194,3),(199,3),(208,3),(212,3),(213,3),(215,3),(219,3),(227,3),(229,3),(230,3),(243,3),(244,3),(256,3),(260,3),(277,3),(282,3),(286,3),(289,3),(294,3),(299,3),(300,3),(304,3),(305,3),(314,3),(317,3),(337,3),(340,3),(342,3),(345,3),(347,3),(348,3),(353,3),(355,3),(361,3),(368,3),(369,3),(370,3),(371,3),(377,3),(391,3),(400,3),(401,3),(402,3),(404,3),(405,3),(409,3),(414,3),(415,3),(419,3),(424,3),(427,3),(434,3),(436,3),(437,3),(440,3),(443,3),(445,3),(448,3),(451,3),(460,3),(461,3),(462,3),(463,3),(478,3),(10,4),(14,4),(15,4),(19,4),(26,4),(27,4),(28,4),(33,4),(36,4),(40,4),(46,4),(48,4),(49,4),(50,4),(59,4),(65,4),(70,4),(71,4),(73,4),(76,4),(92,4),(105,4),(121,4),(132,4),(137,4),(150,4),(152,4),(160,4),(195,4),(197,4),(198,4),(221,4),(226,4),(235,4),(240,4),(242,4),(246,4),(250,4),(255,4),(262,4),(265,4),(273,4),(275,4),(276,4),(278,4),(279,4),(285,4),(306,4),(310,4),(312,4),(316,4),(323,4),(338,4),(346,4),(351,4),(364,4),(383,4),(388,4),(393,4),(395,4),(418,4),(423,4),(430,4),(432,4),(444,4),(450,4),(455,4),(457,4),(469,4);
/*!40000 ALTER TABLE `registration_reason_assoc` ENABLE KEYS */;
UNLOCK TABLES;

--
-- Table structure for table `walk_in_hour`
--

DROP TABLE IF EXISTS `walk_in_hour`;
/*!40101 SET @saved_cs_client     = @@character_set_client */;
/*!50503 SET character_set_client = utf8mb4 */;
CREATE TABLE `walk_in_hour` (
  `id` int(11) NOT NULL AUTO_INCREMENT,
  `advisor_id` int(11) NOT NULL,
  `start_time` time NOT NULL,
  `end_time` time NOT NULL,
  `weekday` char(3) NOT NULL,
  PRIMARY KEY (`id`),
  KEY `walkInHour_advisor_fk` (`advisor_id`),
  CONSTRAINT `walkInHour_advisor_fk` FOREIGN KEY (`advisor_id`) REFERENCES `advisor` (`advisor_id`) ON DELETE CASCADE ON UPDATE CASCADE
) ENGINE=InnoDB AUTO_INCREMENT=5 DEFAULT CHARSET=utf8;
/*!40101 SET character_set_client = @saved_cs_client */;

--
-- Dumping data for table `walk_in_hour`
--

LOCK TABLES `walk_in_hour` WRITE;
/*!40000 ALTER TABLE `walk_in_hour` DISABLE KEYS */;
INSERT INTO `walk_in_hour` VALUES (1,1,'14:00:00','15:30:00','Mon'),(2,2,'13:00:00','14:00:00','Fri'),(3,3,'14:30:00','15:30:00','Wed'),(4,4,'13:00:00','15:00:00','Tue');
/*!40000 ALTER TABLE `walk_in_hour` ENABLE KEYS */;
UNLOCK TABLES;
/*!40103 SET TIME_ZONE=@OLD_TIME_ZONE */;

/*!40101 SET SQL_MODE=@OLD_SQL_MODE */;
/*!40014 SET FOREIGN_KEY_CHECKS=@OLD_FOREIGN_KEY_CHECKS */;
/*!40014 SET UNIQUE_CHECKS=@OLD_UNIQUE_CHECKS */;
/*!40101 SET CHARACTER_SET_CLIENT=@OLD_CHARACTER_SET_CLIENT */;
/*!40101 SET CHARACTER_SET_RESULTS=@OLD_CHARACTER_SET_RESULTS */;
/*!40101 SET COLLATION_CONNECTION=@OLD_COLLATION_CONNECTION */;
/*!40111 SET SQL_NOTES=@OLD_SQL_NOTES */;

-- Dump completed on 2021-11-05 22:12:10
