-- MySQL dump 10.13  Distrib 8.0.18, for Win64 (x86_64)
--
-- Host: localhost    Database: iste500
-- ------------------------------------------------------
-- Server version	8.0.18

/*!40101 SET @OLD_CHARACTER_SET_CLIENT=@@CHARACTER_SET_CLIENT */;
/*!40101 SET @OLD_CHARACTER_SET_RESULTS=@@CHARACTER_SET_RESULTS */;
/*!40101 SET @OLD_COLLATION_CONNECTION=@@COLLATION_CONNECTION */;
/*!50503 SET NAMES utf8mb4 */;
/*!40103 SET @OLD_TIME_ZONE=@@TIME_ZONE */;
/*!40103 SET TIME_ZONE='+00:00' */;
/*!40014 SET @OLD_UNIQUE_CHECKS=@@UNIQUE_CHECKS, UNIQUE_CHECKS=0 */;
/*!40014 SET @OLD_FOREIGN_KEY_CHECKS=@@FOREIGN_KEY_CHECKS, FOREIGN_KEY_CHECKS=0 */;
/*!40101 SET @OLD_SQL_MODE=@@SQL_MODE, SQL_MODE='NO_AUTO_VALUE_ON_ZERO' */;
/*!40111 SET @OLD_SQL_NOTES=@@SQL_NOTES, SQL_NOTES=0 */;

--
-- Table structure for table `advisor`
--

DROP TABLE IF EXISTS `advisor`;
/*!40101 SET @saved_cs_client     = @@character_set_client */;
/*!50503 SET character_set_client = utf8mb4 */;
CREATE TABLE `advisor` (
  `advisor_id` int(11) NOT NULL AUTO_INCREMENT,
  `first_name` varchar(24) NOT NULL,
  `middle_name` varchar(24) DEFAULT NULL,
  `last_name` varchar(24) NOT NULL,
  `ritEmail` varchar(30) NOT NULL,
  `portrait_url` varchar(240) DEFAULT NULL,
  `enabled` tinyint(1) NOT NULL DEFAULT '1',
  PRIMARY KEY (`advisor_id`),
  UNIQUE KEY `ritEmail` (`ritEmail`)
) ENGINE=InnoDB AUTO_INCREMENT=5 DEFAULT CHARSET=utf8;
/*!40101 SET character_set_client = @saved_cs_client */;

--
-- Dumping data for table `advisor`
--

LOCK TABLES `advisor` WRITE;
/*!40000 ALTER TABLE `advisor` DISABLE KEYS */;
INSERT INTO `advisor` VALUES (1,'Melody',NULL,'Jackson','zxc1234@rit.edu',NULL,1),(2,'Betty',NULL,'John','qwe1234@rit.edu',NULL,1),(3,'Betty',NULL,'Jackson','jkl1234@rit.edu',NULL,1),(4,'Melody',NULL,'John','abc1234@rit.edu',NULL,1);
/*!40000 ALTER TABLE `advisor` ENABLE KEYS */;
UNLOCK TABLES;

--
-- Table structure for table `reason`
--

DROP TABLE IF EXISTS `reason`;
/*!40101 SET @saved_cs_client     = @@character_set_client */;
/*!50503 SET character_set_client = utf8mb4 */;
CREATE TABLE `reason` (
  `reason_id` int(11) NOT NULL AUTO_INCREMENT,
  `reason_name` varchar(64) NOT NULL,
  `needsAppt` tinyint(1) NOT NULL DEFAULT '0',
  PRIMARY KEY (`reason_id`)
) ENGINE=InnoDB AUTO_INCREMENT=5 DEFAULT CHARSET=utf8;
/*!40101 SET character_set_client = @saved_cs_client */;

--
-- Dumping data for table `reason`
--

LOCK TABLES `reason` WRITE;
/*!40000 ALTER TABLE `reason` DISABLE KEYS */;
INSERT INTO `reason` VALUES (1,'reason a',0),(2,'reason b',0),(3,'reason c',1),(4,'reason d',1);
/*!40000 ALTER TABLE `reason` ENABLE KEYS */;
UNLOCK TABLES;

--
-- Table structure for table `registration`
--

DROP TABLE IF EXISTS `registration`;
/*!40101 SET @saved_cs_client     = @@character_set_client */;
/*!50503 SET character_set_client = utf8mb4 */;
CREATE TABLE `registration` (
  `registration_id` int(11) NOT NULL AUTO_INCREMENT,
  `advisor_id` int(11) NOT NULL,
  `check_in_time` datetime NOT NULL,
  `check_out_time` datetime DEFAULT NULL,
  `scheduled` tinyint(1) NOT NULL,
  `student_username` varchar(10) NOT NULL,
  `student_name` varchar(24) NOT NULL,
  PRIMARY KEY (`registration_id`),
  KEY `registration_advisor_fk` (`advisor_id`),
  CONSTRAINT `registration_advisor_fk` FOREIGN KEY (`advisor_id`) REFERENCES `advisor` (`advisor_id`)
) ENGINE=InnoDB AUTO_INCREMENT=481 DEFAULT CHARSET=utf8;
/*!40101 SET character_set_client = @saved_cs_client */;

--
-- Dumping data for table `registration`
--

LOCK TABLES `registration` WRITE;
/*!40000 ALTER TABLE `registration` DISABLE KEYS */;
INSERT INTO `registration` VALUES (1,3,'2021-10-01 08:00:00','2021-10-01 08:30:00',1,'dyh7774','kmogu klcbd'),(2,1,'2021-10-01 08:30:00','2021-10-01 08:40:00',0,'zwg5516','ybsjx gpvtb'),(3,1,'2021-10-01 08:40:00','2021-10-01 09:10:00',1,'zwa6242','csqif bibxn'),(4,1,'2021-10-01 09:10:00','2021-10-01 09:40:00',1,'ztq3438','iytqf attmx'),(5,2,'2021-10-01 09:40:00','2021-10-01 09:50:00',0,'vpw3375','zjyni wghok'),(6,2,'2021-10-01 09:50:00','2021-10-01 10:20:00',1,'eub7285','hflwp zhzsl'),(7,3,'2021-10-01 10:20:00','2021-10-01 10:50:00',1,'pwy8372','rqaxb jtomq'),(8,2,'2021-10-01 10:50:00','2021-10-01 11:00:00',0,'xmc8765','ytock rlyxx'),(9,3,'2021-10-01 11:00:00','2021-10-01 11:10:00',0,'gxj1536','woced ornnd'),(10,3,'2021-10-01 11:10:00','2021-10-01 11:20:00',0,'ugi8321','costj xehnq'),(11,2,'2021-10-01 11:20:00','2021-10-01 11:30:00',0,'cvj1213','ejcqr wjqbz'),(12,2,'2021-10-01 11:30:00','2021-10-01 12:00:00',1,'acf8577','swexv qsylh'),(13,4,'2021-10-01 12:00:00','2021-10-01 12:10:00',0,'hhq1617','bnmcp funos'),(14,4,'2021-10-01 12:10:00','2021-10-01 12:40:00',1,'ymz1617','luptw hceep'),(15,3,'2021-10-01 12:40:00','2021-10-01 13:10:00',1,'abj2218','vrwei zxblq'),(16,1,'2021-10-01 13:10:00','2021-10-01 13:20:00',0,'gag3654','eqqnu wwcce'),(17,2,'2021-10-02 08:00:00','2021-10-02 08:10:00',0,'uuu4154','dasuv rrjdq'),(18,4,'2021-10-02 08:10:00','2021-10-02 08:40:00',1,'cbo1484','wnumr uwoif'),(19,2,'2021-10-02 08:40:00','2021-10-02 08:50:00',0,'dtf3811','oudei iodww'),(20,1,'2021-10-02 08:50:00','2021-10-02 09:20:00',1,'qpr6837','pqhnu znsri'),(21,3,'2021-10-02 09:20:00','2021-10-02 09:30:00',0,'inr2415','bdfip mphsz'),(22,2,'2021-10-02 09:30:00','2021-10-02 10:00:00',1,'qrd7777','ysyak hmlli'),(23,1,'2021-10-02 10:00:00','2021-10-02 10:10:00',0,'mff8714','ybkwa crurj'),(24,2,'2021-10-02 10:10:00','2021-10-02 10:40:00',1,'ghe2223','ycsqj ftawr'),(25,1,'2021-10-02 10:40:00','2021-10-02 11:10:00',1,'gkp2216','sdqwx drlny'),(26,2,'2021-10-02 11:10:00','2021-10-02 11:20:00',0,'wxk5386','hayfo dqvdr'),(27,1,'2021-10-02 11:20:00','2021-10-02 11:50:00',1,'fdk1121','nwcfz lnbks'),(28,1,'2021-10-02 11:50:00','2021-10-02 12:20:00',1,'ykx8322','hathy cjmkx'),(29,2,'2021-10-02 12:20:00','2021-10-02 12:50:00',1,'qot6551','xrmmg ebzkg'),(30,3,'2021-10-02 12:50:00','2021-10-02 13:00:00',0,'oiu8434','dqpyg uuycy'),(31,2,'2021-10-02 13:00:00','2021-10-02 13:10:00',0,'fkb8513','kyjdj jcftd'),(32,4,'2021-10-02 13:10:00','2021-10-02 13:40:00',1,'ama8714','kwlva mgidn'),(33,2,'2021-10-03 08:00:00','2021-10-03 08:30:00',1,'dke1624','zwslw hgtqg'),(34,3,'2021-10-03 08:30:00','2021-10-03 09:00:00',1,'saq6646','sexyf vopjd'),(35,2,'2021-10-03 09:00:00','2021-10-03 09:30:00',1,'gpk4252','txidd tkikl'),(36,1,'2021-10-03 09:30:00','2021-10-03 10:00:00',1,'ptm4137','wpsje rpksk'),(37,3,'2021-10-03 10:00:00','2021-10-03 10:30:00',1,'npq5281','hdyvp lftxs'),(38,3,'2021-10-03 10:30:00','2021-10-03 10:40:00',0,'zyt8261','lkbqd qahdh'),(39,3,'2021-10-03 10:40:00','2021-10-03 11:10:00',1,'rkw1355','cfrua ahjwf'),(40,1,'2021-10-03 11:10:00','2021-10-03 11:40:00',1,'nbu3321','acorr odqgc'),(41,4,'2021-10-03 11:40:00','2021-10-03 12:10:00',1,'xha5538','kniiw xlggq'),(42,2,'2021-10-03 12:10:00','2021-10-03 12:40:00',1,'bvo4546','ludog zvxee'),(43,3,'2021-10-03 12:40:00','2021-10-03 12:50:00',0,'zyw6546','rakfh ggevb'),(44,4,'2021-10-03 12:50:00','2021-10-03 13:00:00',0,'szs2648','geoin mwjxk'),(45,1,'2021-10-03 13:00:00','2021-10-03 13:10:00',0,'eau4457','lmnmw moakj'),(46,3,'2021-10-03 13:10:00','2021-10-03 13:20:00',0,'jwc4811','hmzmk xrqdu'),(47,3,'2021-10-03 13:20:00','2021-10-03 13:30:00',0,'tcn1765','behtx ojlio'),(48,1,'2021-10-03 13:30:00','2021-10-03 14:00:00',1,'nrr6371','nwgvy uuufm'),(49,1,'2021-10-04 08:00:00','2021-10-04 08:10:00',0,'lau5128','qhpsa jkxqj'),(50,4,'2021-10-04 08:10:00','2021-10-04 08:20:00',0,'waj6227','pogbn dfczx'),(51,1,'2021-10-04 08:20:00','2021-10-04 08:50:00',1,'lbr7215','tsdsp vvtbf'),(52,4,'2021-10-04 08:50:00','2021-10-04 09:00:00',0,'ega2131','mlocg fpvoz'),(53,3,'2021-10-04 09:00:00','2021-10-04 09:30:00',1,'exf8822','yzlxz gvdib'),(54,3,'2021-10-04 09:30:00','2021-10-04 10:00:00',1,'kwd4542','olwcg yhoce'),(55,2,'2021-10-04 10:00:00','2021-10-04 10:30:00',1,'slk8624','oiepp injyq'),(56,3,'2021-10-04 10:30:00','2021-10-04 10:40:00',0,'mqt5846','jyvnh cgtcn'),(57,4,'2021-10-04 10:40:00','2021-10-04 11:10:00',1,'qmb8622','sccup adjix'),(58,3,'2021-10-04 11:10:00','2021-10-04 11:40:00',1,'ota7617','pynny qrczj'),(59,2,'2021-10-04 11:40:00','2021-10-04 11:50:00',0,'htd3753','bszhz kcxbc'),(60,3,'2021-10-04 11:50:00','2021-10-04 12:00:00',0,'xnc2833','bzjbx eppsw'),(61,3,'2021-10-04 12:00:00','2021-10-04 12:30:00',1,'guk4263','tmkwv sstaj'),(62,2,'2021-10-04 12:30:00','2021-10-04 12:40:00',0,'zqu3615','ikubh ixzgk'),(63,3,'2021-10-04 12:40:00','2021-10-04 13:10:00',1,'kyi7332','apamo izvyi'),(64,4,'2021-10-04 13:10:00','2021-10-04 13:40:00',1,'unb7531','aiazk wjqpf'),(65,3,'2021-10-05 08:00:00','2021-10-05 08:30:00',1,'gwh7672','nqomp tswxj'),(66,2,'2021-10-05 08:30:00','2021-10-05 09:00:00',1,'hpz5635','ipyiz fklay'),(67,1,'2021-10-05 09:00:00','2021-10-05 09:30:00',1,'axy4743','ilsgo eyhqz'),(68,4,'2021-10-05 09:30:00','2021-10-05 10:00:00',1,'yru8684','xflsx iuqfe'),(69,1,'2021-10-05 10:00:00','2021-10-05 10:30:00',1,'xyf5467','sfojf iqisa'),(70,1,'2021-10-05 10:30:00','2021-10-05 10:40:00',0,'uxt8446','ejycl bjnqs'),(71,1,'2021-10-05 10:40:00','2021-10-05 10:50:00',0,'dmq6227','tsmhy jgcfs'),(72,4,'2021-10-05 10:50:00','2021-10-05 11:00:00',0,'ojy5758','cqygb dcswe'),(73,2,'2021-10-05 11:00:00','2021-10-05 11:10:00',0,'whr1526','msirj glghl'),(74,4,'2021-10-05 11:10:00','2021-10-05 11:40:00',1,'wkh6863','nsoil kjkfb'),(75,3,'2021-10-05 11:40:00','2021-10-05 11:50:00',0,'hbj3157','jhzri rrtrt'),(76,3,'2021-10-05 11:50:00','2021-10-05 12:00:00',0,'rbx4873','ocnyz mcqjh'),(77,3,'2021-10-05 12:00:00','2021-10-05 12:10:00',0,'sbl2155','pptsa zccxp'),(78,3,'2021-10-05 12:10:00','2021-10-05 12:20:00',0,'iuw8556','jsckn rtadj'),(79,4,'2021-10-05 12:20:00','2021-10-05 12:30:00',0,'jpv8337','jozbg sarzq'),(80,3,'2021-10-05 12:30:00','2021-10-05 12:40:00',0,'vyx7132','wixau jayrg'),(81,4,'2021-10-06 08:00:00','2021-10-06 08:30:00',1,'ryi4442','xokoq bmfcr'),(82,4,'2021-10-06 08:30:00','2021-10-06 08:40:00',0,'jfq2871','wicyj lcssv'),(83,3,'2021-10-06 08:40:00','2021-10-06 09:10:00',1,'grh5687','ehsii bhwzy'),(84,3,'2021-10-06 09:10:00','2021-10-06 09:40:00',1,'mtu7381','azygq ajheh'),(85,4,'2021-10-06 09:40:00','2021-10-06 10:10:00',1,'qbw6215','fbhtq pyxzo'),(86,1,'2021-10-06 10:10:00','2021-10-06 10:20:00',0,'anq5468','jvlbs ljaqu'),(87,1,'2021-10-06 10:20:00','2021-10-06 10:50:00',1,'oae6215','ckqap tiquy'),(88,1,'2021-10-06 10:50:00','2021-10-06 11:00:00',0,'tja5721','vssyh beoof'),(89,1,'2021-10-06 11:00:00','2021-10-06 11:10:00',0,'vrh2574','pmrtz emhbs'),(90,4,'2021-10-06 11:10:00','2021-10-06 11:20:00',0,'wlf5221','nvkra nlcub'),(91,1,'2021-10-06 11:20:00','2021-10-06 11:50:00',1,'fge6873','hrteb vlgfi'),(92,2,'2021-10-06 11:50:00','2021-10-06 12:00:00',0,'guc7564','dsuls vnfnb'),(93,2,'2021-10-06 12:00:00','2021-10-06 12:10:00',0,'asl8456','pbscq btzkv'),(94,3,'2021-10-06 12:10:00','2021-10-06 12:40:00',1,'zfz2128','omenn zaaie'),(95,3,'2021-10-06 12:40:00','2021-10-06 13:10:00',1,'old2332','jpmpz rvoqx'),(96,3,'2021-10-06 13:10:00','2021-10-06 13:40:00',1,'snf8327','gfelq zqahg'),(97,4,'2021-10-07 08:00:00','2021-10-07 08:30:00',1,'jdc5265','dbmpi hesuk'),(98,4,'2021-10-07 08:30:00','2021-10-07 09:00:00',1,'zkf2313','edlcz lbtni'),(99,2,'2021-10-07 09:00:00','2021-10-07 09:10:00',0,'feh6372','ucdbm gcysq'),(100,4,'2021-10-07 09:10:00','2021-10-07 09:20:00',0,'uiz8432','wvtqp mlxlx'),(101,1,'2021-10-07 09:20:00','2021-10-07 09:30:00',0,'neb3611','yqrjq fpvow'),(102,3,'2021-10-07 09:30:00','2021-10-07 10:00:00',1,'yhc6617','gzhwg skcjx'),(103,2,'2021-10-07 10:00:00','2021-10-07 10:10:00',0,'mif2437','vlynv tmjiw'),(104,2,'2021-10-07 10:10:00','2021-10-07 10:40:00',1,'fmx8625','sslxr pjhpr'),(105,1,'2021-10-07 10:40:00','2021-10-07 10:50:00',0,'kjo6316','nzqbv ywbpg'),(106,3,'2021-10-07 10:50:00','2021-10-07 11:00:00',0,'dyj7433','pewgx vddcd'),(107,1,'2021-10-07 11:00:00','2021-10-07 11:10:00',0,'kbm1418','tvekc goets'),(108,2,'2021-10-07 11:10:00','2021-10-07 11:40:00',1,'qda3381','xyxlj lvdof'),(109,3,'2021-10-07 11:40:00','2021-10-07 11:50:00',0,'fei4772','pcxao zecet'),(110,4,'2021-10-07 11:50:00','2021-10-07 12:00:00',0,'pyu6262','qxieb xkjeq'),(111,1,'2021-10-07 12:00:00','2021-10-07 12:30:00',1,'gsv4426','reqqf ftklo'),(112,1,'2021-10-07 12:30:00','2021-10-07 12:40:00',0,'huc3535','ocxmt qariq'),(113,2,'2021-10-08 08:00:00','2021-10-08 08:30:00',1,'xdl4227','fkcvo ooysi'),(114,4,'2021-10-08 08:30:00','2021-10-08 08:40:00',0,'ikn5871','zbhgz apzks'),(115,4,'2021-10-08 08:40:00','2021-10-08 09:10:00',1,'psi6378','uzymh nxyxx'),(116,3,'2021-10-08 09:10:00','2021-10-08 09:20:00',0,'nyj4353','nuqql pbydu'),(117,2,'2021-10-08 09:20:00','2021-10-08 09:50:00',1,'mgq7186','bzbea uzhdi'),(118,1,'2021-10-08 09:50:00','2021-10-08 10:20:00',1,'dbn1863','zbggd zgggg'),(119,2,'2021-10-08 10:20:00','2021-10-08 10:30:00',0,'fne1612','msjxm qydgx'),(120,3,'2021-10-08 10:30:00','2021-10-08 11:00:00',1,'hmi7362','aqcih yqtmj'),(121,4,'2021-10-08 11:00:00','2021-10-08 11:30:00',1,'lbc2317','zrqgy tsqwl'),(122,3,'2021-10-08 11:30:00','2021-10-08 11:40:00',0,'ahl4421','rnzix nshvj'),(123,3,'2021-10-08 11:40:00','2021-10-08 12:10:00',1,'sai5433','tldzo vudzg'),(124,1,'2021-10-08 12:10:00','2021-10-08 12:20:00',0,'ykc6665','jytjf pxqvl'),(125,2,'2021-10-08 12:20:00','2021-10-08 12:50:00',1,'kzu3574','unbjh kebqv'),(126,1,'2021-10-08 12:50:00','2021-10-08 13:00:00',0,'vvi7266','fpfeq nkajs'),(127,4,'2021-10-08 13:00:00','2021-10-08 13:30:00',1,'mno6686','exbhw yvumc'),(128,3,'2021-10-08 13:30:00','2021-10-08 14:00:00',1,'nco5358','ewiin dfzwn'),(129,1,'2021-10-09 08:00:00','2021-10-09 08:10:00',0,'gmh5555','lvnis ahgwt'),(130,2,'2021-10-09 08:10:00','2021-10-09 08:40:00',1,'hqg3744','xruuj txvte'),(131,1,'2021-10-09 08:40:00','2021-10-09 09:10:00',1,'pfw4176','brrtd lcopb'),(132,1,'2021-10-09 09:10:00','2021-10-09 09:40:00',1,'pcj8523','hpbyp gdjto'),(133,3,'2021-10-09 09:40:00','2021-10-09 10:10:00',1,'ftk8533','lzzaf csdph'),(134,1,'2021-10-09 10:10:00','2021-10-09 10:40:00',1,'flv3613','hscpc ugbta'),(135,1,'2021-10-09 10:40:00','2021-10-09 11:10:00',1,'xdc4677','botfl qukyy'),(136,2,'2021-10-09 11:10:00','2021-10-09 11:20:00',0,'tip8888','botuf bkvmo'),(137,3,'2021-10-09 11:20:00','2021-10-09 11:30:00',0,'nzy8813','ofxqo echbe'),(138,4,'2021-10-09 11:30:00','2021-10-09 12:00:00',1,'guo7123','rctzn imdqw'),(139,1,'2021-10-09 12:00:00','2021-10-09 12:10:00',0,'xll4535','vjecs uosvx'),(140,3,'2021-10-09 12:10:00','2021-10-09 12:40:00',1,'gqx1765','kyaup zkjlm'),(141,2,'2021-10-09 12:40:00','2021-10-09 13:10:00',1,'hvw7733','ukbyt numrn'),(142,4,'2021-10-09 13:10:00','2021-10-09 13:40:00',1,'ykx4737','mkytu gixif'),(143,3,'2021-10-09 13:40:00','2021-10-09 14:10:00',1,'nnh2131','nkaci zgpkm'),(144,4,'2021-10-09 14:10:00','2021-10-09 14:20:00',0,'ldg4451','dtsgm zwpsl'),(145,3,'2021-10-10 08:00:00','2021-10-10 08:30:00',1,'sou5788','mbies bcoav'),(146,1,'2021-10-10 08:30:00','2021-10-10 09:00:00',1,'zuw1432','relkt mslqt'),(147,4,'2021-10-10 09:00:00','2021-10-10 09:10:00',0,'xpc7663','llkpf dlgii'),(148,4,'2021-10-10 09:10:00','2021-10-10 09:40:00',1,'sqk1554','ekcrv oxazb'),(149,1,'2021-10-10 09:40:00','2021-10-10 09:50:00',0,'zpf5326','vpugq gophp'),(150,3,'2021-10-10 09:50:00','2021-10-10 10:00:00',0,'eaq3428','ffguf xquux'),(151,3,'2021-10-10 10:00:00','2021-10-10 10:30:00',1,'vqk6548','joaxc gknhr'),(152,2,'2021-10-10 10:30:00','2021-10-10 10:40:00',0,'qop6433','rrmve lqlmc'),(153,4,'2021-10-10 10:40:00','2021-10-10 11:10:00',1,'dgj5322','mozic ubhmi'),(154,3,'2021-10-10 11:10:00','2021-10-10 11:20:00',0,'bpa1282','lgqil dglhy'),(155,1,'2021-10-10 11:20:00','2021-10-10 11:30:00',0,'xlg8622','udmjt ymnzq'),(156,2,'2021-10-10 11:30:00','2021-10-10 12:00:00',1,'tjh5744','ubahp rfwei'),(157,1,'2021-10-10 12:00:00','2021-10-10 12:10:00',0,'xsa7723','dyhaj rfonu'),(158,4,'2021-10-10 12:10:00','2021-10-10 12:20:00',0,'fgu1487','ussxq rawro'),(159,4,'2021-10-10 12:20:00','2021-10-10 12:50:00',1,'ypa1458','lmrsm tanhx'),(160,2,'2021-10-10 12:50:00','2021-10-10 13:00:00',0,'dyf3724','dvvus qpxev'),(161,4,'2021-10-11 08:00:00','2021-10-11 08:10:00',0,'lfi5848','fjbqm btcuo'),(162,4,'2021-10-11 08:10:00','2021-10-11 08:40:00',1,'hgk6347','vnnfc khdrc'),(163,1,'2021-10-11 08:40:00','2021-10-11 08:50:00',0,'mwz2711','wiezp ylhta'),(164,4,'2021-10-11 08:50:00','2021-10-11 09:00:00',0,'qws7486','tvwfk jsatc'),(165,1,'2021-10-11 09:00:00','2021-10-11 09:10:00',0,'tki8158','ovviv gaigy'),(166,4,'2021-10-11 09:10:00','2021-10-11 09:40:00',1,'fix8168','ksdqd qggxy'),(167,3,'2021-10-11 09:40:00','2021-10-11 09:50:00',0,'onc4467','dnsrp gfwpk'),(168,3,'2021-10-11 09:50:00','2021-10-11 10:00:00',0,'ycg6228','cuqxr ffpfc'),(169,3,'2021-10-11 10:00:00','2021-10-11 10:30:00',1,'yad4632','hnone dpsxq'),(170,2,'2021-10-11 10:30:00','2021-10-11 11:00:00',1,'rfb8267','ankzd vmbhg'),(171,4,'2021-10-11 11:00:00','2021-10-11 11:30:00',1,'odz1832','efneh iwzwm'),(172,3,'2021-10-11 11:30:00','2021-10-11 12:00:00',1,'jlz1221','ymyms bczld'),(173,1,'2021-10-11 12:00:00','2021-10-11 12:10:00',0,'jhv3815','jymiz umijm'),(174,1,'2021-10-11 12:10:00','2021-10-11 12:20:00',0,'htr5577','cwyai vujws'),(175,2,'2021-10-11 12:20:00','2021-10-11 12:30:00',0,'dky8372','knphl uypkp'),(176,4,'2021-10-11 12:30:00','2021-10-11 12:40:00',0,'iqb1138','jdjfu bznvg'),(177,4,'2021-10-12 08:00:00','2021-10-12 08:30:00',1,'sgu4327','lqduq pfxba'),(178,2,'2021-10-12 08:30:00','2021-10-12 09:00:00',1,'rtr8544','mmogz fuavx'),(179,2,'2021-10-12 09:00:00','2021-10-12 09:30:00',1,'dif6281','ylgsg woudm'),(180,4,'2021-10-12 09:30:00','2021-10-12 09:40:00',0,'qti8681','xxovg iohsv'),(181,4,'2021-10-12 09:40:00','2021-10-12 10:10:00',1,'lkq8641','rnkdk pucwh'),(182,4,'2021-10-12 10:10:00','2021-10-12 10:20:00',0,'qfe8715','svuft mwetu'),(183,4,'2021-10-12 10:20:00','2021-10-12 10:30:00',0,'awv2188','opeys awxin'),(184,1,'2021-10-12 10:30:00','2021-10-12 11:00:00',1,'akn6515','fheav piobx'),(185,1,'2021-10-12 11:00:00','2021-10-12 11:30:00',1,'nkn4457','nadyx uycgb'),(186,4,'2021-10-12 11:30:00','2021-10-12 12:00:00',1,'jan4651','rgauj mbmms'),(187,1,'2021-10-12 12:00:00','2021-10-12 12:10:00',0,'rcv6144','pgwid azqfb'),(188,4,'2021-10-12 12:10:00','2021-10-12 12:20:00',0,'vth1616','smunn fmkqi'),(189,3,'2021-10-12 12:20:00','2021-10-12 12:30:00',0,'rwo8424','bklxd vxknp'),(190,2,'2021-10-12 12:30:00','2021-10-12 12:40:00',0,'bum7644','qllcd jhvfr'),(191,2,'2021-10-12 12:40:00','2021-10-12 12:50:00',0,'vmg4182','hmszi gjuvp'),(192,1,'2021-10-12 12:50:00','2021-10-12 13:00:00',0,'vtk5483','fzulu nccdd'),(193,2,'2021-10-13 08:00:00','2021-10-13 08:10:00',0,'ygu5588','bcksw jjaxg'),(194,1,'2021-10-13 08:10:00','2021-10-13 08:20:00',0,'fss4786','moblv ymtcc'),(195,4,'2021-10-13 08:20:00','2021-10-13 08:30:00',0,'ces5387','syrii jxekd'),(196,2,'2021-10-13 08:30:00','2021-10-13 08:40:00',0,'pma6877','xxdme rgpqb'),(197,2,'2021-10-13 08:40:00','2021-10-13 09:10:00',1,'czr6141','mkjgk igjpd'),(198,3,'2021-10-13 09:10:00','2021-10-13 09:20:00',0,'dht4176','bjdxk ohnza'),(199,3,'2021-10-13 09:20:00','2021-10-13 09:50:00',1,'yox2538','puxwr chtfs'),(200,1,'2021-10-13 09:50:00','2021-10-13 10:00:00',0,'xar1456','zrinv hdyru'),(201,4,'2021-10-13 10:00:00','2021-10-13 10:10:00',0,'sql6233','lzmxh jsskc'),(202,2,'2021-10-13 10:10:00','2021-10-13 10:40:00',1,'ast8614','sktzp rcgzd'),(203,4,'2021-10-13 10:40:00','2021-10-13 11:10:00',1,'koc7548','qrtvx svtus'),(204,3,'2021-10-13 11:10:00','2021-10-13 11:40:00',1,'nxi1383','imvkf fgieg'),(205,2,'2021-10-13 11:40:00','2021-10-13 11:50:00',0,'sao8781','lheyw zqeze'),(206,1,'2021-10-13 11:50:00','2021-10-13 12:00:00',0,'jzz6784','aunzd qlyod'),(207,4,'2021-10-13 12:00:00','2021-10-13 12:10:00',0,'qwj7444','vsgqj nlsgl'),(208,1,'2021-10-13 12:10:00','2021-10-13 12:40:00',1,'avh3328','lxqvj wdive'),(209,1,'2021-10-14 08:00:00','2021-10-14 08:10:00',0,'ord6123','colny bcnyv'),(210,3,'2021-10-14 08:10:00','2021-10-14 08:20:00',0,'sfr5332','rdfqp ejvka'),(211,3,'2021-10-14 08:20:00','2021-10-14 08:30:00',0,'twk6616','mpltv apqws'),(212,4,'2021-10-14 08:30:00','2021-10-14 08:40:00',0,'sef2511','epbbn htbgy'),(213,2,'2021-10-14 08:40:00','2021-10-14 08:50:00',0,'rdl1141','jovxb yhwqt'),(214,1,'2021-10-14 08:50:00','2021-10-14 09:20:00',1,'lsw1246','hdxba kolog'),(215,3,'2021-10-14 09:20:00','2021-10-14 09:30:00',0,'ijw4134','ztpin ooark'),(216,1,'2021-10-14 09:30:00','2021-10-14 10:00:00',1,'zif2175','zgytk rwqcb'),(217,2,'2021-10-14 10:00:00','2021-10-14 10:10:00',0,'ylm7763','bnfgr jsomi'),(218,4,'2021-10-14 10:10:00','2021-10-14 10:20:00',0,'drb3548','nkdqt bmjtg'),(219,1,'2021-10-14 10:20:00','2021-10-14 10:50:00',1,'rmg2444','lvzhg oioii'),(220,3,'2021-10-14 10:50:00','2021-10-14 11:20:00',1,'cob8644','qzznm dbdzr'),(221,4,'2021-10-14 11:20:00','2021-10-14 11:30:00',0,'odw1181','lieho lssnx'),(222,1,'2021-10-14 11:30:00','2021-10-14 11:40:00',0,'kty7752','blxil pxkas'),(223,4,'2021-10-14 11:40:00','2021-10-14 12:10:00',1,'fpl6448','daotq eqsrm'),(224,4,'2021-10-14 12:10:00','2021-10-14 12:40:00',1,'sqr7154','llepl tnshv'),(225,3,'2021-10-15 08:00:00','2021-10-15 08:10:00',0,'yyf7651','cehye lgywo'),(226,1,'2021-10-15 08:10:00','2021-10-15 08:40:00',1,'vtu4354','jvwoq brevi'),(227,4,'2021-10-15 08:40:00','2021-10-15 09:10:00',1,'feo3763','wkpuk xyubk'),(228,4,'2021-10-15 09:10:00','2021-10-15 09:40:00',1,'czq8388','awgqw pjdzk'),(229,3,'2021-10-15 09:40:00','2021-10-15 09:50:00',0,'czc3473','mkvne acqiq'),(230,2,'2021-10-15 09:50:00','2021-10-15 10:00:00',0,'ddv2463','xeagw ttfbz'),(231,4,'2021-10-15 10:00:00','2021-10-15 10:30:00',1,'imn6163','gcjma rootx'),(232,3,'2021-10-15 10:30:00','2021-10-15 11:00:00',1,'udm4261','fmobl vwrvm'),(233,1,'2021-10-15 11:00:00','2021-10-15 11:30:00',1,'hmz7328','lwgjb ckyol'),(234,3,'2021-10-15 11:30:00','2021-10-15 12:00:00',1,'wlw2117','pbyow lazhv'),(235,2,'2021-10-15 12:00:00','2021-10-15 12:10:00',0,'ktv8178','ffnqo cwime'),(236,3,'2021-10-15 12:10:00','2021-10-15 12:40:00',1,'kcl6671','xaiju swpvi'),(237,2,'2021-10-15 12:40:00','2021-10-15 13:10:00',1,'nmq4628','jicjr ttbut'),(238,1,'2021-10-15 13:10:00','2021-10-15 13:20:00',0,'ate4483','qbwlh arsly'),(239,2,'2021-10-15 13:20:00','2021-10-15 13:30:00',0,'lbv7265','dypmc jksgq'),(240,2,'2021-10-15 13:30:00','2021-10-15 14:00:00',1,'trb5373','qqmde tomfw'),(241,2,'2021-10-16 08:00:00','2021-10-16 08:10:00',0,'zxi6724','veivz ueieh'),(242,3,'2021-10-16 08:10:00','2021-10-16 08:20:00',0,'xqg5384','jfcur dtpzp'),(243,3,'2021-10-16 08:20:00','2021-10-16 08:50:00',1,'rkf1886','ljoex dmpcb'),(244,4,'2021-10-16 08:50:00','2021-10-16 09:00:00',0,'nbb7576','mfxan vwluf'),(245,1,'2021-10-16 09:00:00','2021-10-16 09:30:00',1,'gvu4366','dchbw vruys'),(246,2,'2021-10-16 09:30:00','2021-10-16 10:00:00',1,'pka2523','ytjpk tdxxo'),(247,3,'2021-10-16 10:00:00','2021-10-16 10:10:00',0,'bbl5651','gteei tqvuc'),(248,2,'2021-10-16 10:10:00','2021-10-16 10:40:00',1,'yxy4324','apzkx lpivb'),(249,3,'2021-10-16 10:40:00','2021-10-16 11:10:00',1,'ivb6867','rjllq rynot'),(250,2,'2021-10-16 11:10:00','2021-10-16 11:40:00',1,'ljy7431','vehpy poxao'),(251,2,'2021-10-16 11:40:00','2021-10-16 11:50:00',0,'viy5377','sywza gcprk'),(252,3,'2021-10-16 11:50:00','2021-10-16 12:00:00',0,'gvz2511','mfjio veqow'),(253,3,'2021-10-16 12:00:00','2021-10-16 12:30:00',1,'lbp4631','uoegt uqcrf'),(254,4,'2021-10-16 12:30:00','2021-10-16 12:40:00',0,'ahc3354','juegx byjul'),(255,3,'2021-10-16 12:40:00','2021-10-16 13:10:00',1,'eyl8724','qsmda gsihp'),(256,4,'2021-10-16 13:10:00','2021-10-16 13:40:00',1,'ccf2352','tqdpm naiii'),(257,3,'2021-10-17 08:00:00','2021-10-17 08:10:00',0,'jti5425','idrys qrabf'),(258,2,'2021-10-17 08:10:00','2021-10-17 08:40:00',1,'kbd4586','lpkiq napmy'),(259,4,'2021-10-17 08:40:00','2021-10-17 08:50:00',0,'oom8737','zxdpb ughxr'),(260,3,'2021-10-17 08:50:00','2021-10-17 09:20:00',1,'wey2763','yqrak dkfnl'),(261,3,'2021-10-17 09:20:00','2021-10-17 09:30:00',0,'qjn4337','ovqdo shtyi'),(262,3,'2021-10-17 09:30:00','2021-10-17 09:40:00',0,'tgo3828','hacfn bjmlf'),(263,1,'2021-10-17 09:40:00','2021-10-17 10:10:00',1,'rbg3778','huqvs bqojv'),(264,1,'2021-10-17 10:10:00','2021-10-17 10:20:00',0,'jbh1415','gfclc scjix'),(265,2,'2021-10-17 10:20:00','2021-10-17 10:50:00',1,'oqc7448','aqyll qcrdn'),(266,3,'2021-10-17 10:50:00','2021-10-17 11:00:00',0,'rem6483','desie zecxo'),(267,3,'2021-10-17 11:00:00','2021-10-17 11:30:00',1,'sil8174','xgjeq yihud'),(268,4,'2021-10-17 11:30:00','2021-10-17 11:40:00',0,'uzy4515','igvah kgdje'),(269,1,'2021-10-17 11:40:00','2021-10-17 12:10:00',1,'xle5768','ufhkx nhjxo'),(270,4,'2021-10-17 12:10:00','2021-10-17 12:20:00',0,'oxx5218','evnko ygxqi'),(271,3,'2021-10-17 12:20:00','2021-10-17 12:30:00',0,'brz8681','jtqkv oyyrz'),(272,4,'2021-10-17 12:30:00','2021-10-17 13:00:00',1,'zih5372','fpsit mujmh'),(273,2,'2021-10-18 08:00:00','2021-10-18 08:30:00',1,'lcf2133','xseec dsppn'),(274,2,'2021-10-18 08:30:00','2021-10-18 09:00:00',1,'phq4346','mzahk gaksj'),(275,4,'2021-10-18 09:00:00','2021-10-18 09:10:00',0,'ngw7132','ekphh cwwhu'),(276,3,'2021-10-18 09:10:00','2021-10-18 09:20:00',0,'mrv3847','grefg nrmzy'),(277,1,'2021-10-18 09:20:00','2021-10-18 09:30:00',0,'zud6857','aqtgb mddud'),(278,3,'2021-10-18 09:30:00','2021-10-18 09:40:00',0,'eog5782','yauyc loavt'),(279,4,'2021-10-18 09:40:00','2021-10-18 09:50:00',0,'coo1627','uvmul pdodi'),(280,4,'2021-10-18 09:50:00','2021-10-18 10:00:00',0,'soj6511','fginb eyhjv'),(281,3,'2021-10-18 10:00:00','2021-10-18 10:30:00',1,'puu5337','ywnin krjav'),(282,2,'2021-10-18 10:30:00','2021-10-18 10:40:00',0,'xla5764','hpzyz gvunf'),(283,3,'2021-10-18 10:40:00','2021-10-18 11:10:00',1,'orp7723','vcxkf nokdx'),(284,1,'2021-10-18 11:10:00','2021-10-18 11:40:00',1,'ixb6548','rauyo rxngq'),(285,1,'2021-10-18 11:40:00','2021-10-18 11:50:00',0,'vgw3482','ecbef btpco'),(286,4,'2021-10-18 11:50:00','2021-10-18 12:00:00',0,'rwl8483','pdjma joois'),(287,1,'2021-10-18 12:00:00','2021-10-18 12:30:00',1,'ltc2447','qjnqk racfe'),(288,4,'2021-10-18 12:30:00','2021-10-18 13:00:00',1,'bmt1541','ydksb dzcym'),(289,4,'2021-10-19 08:00:00','2021-10-19 08:10:00',0,'kcz5435','ucnol pzuoh'),(290,2,'2021-10-19 08:10:00','2021-10-19 08:40:00',1,'jvw3456','lrvei kgyta'),(291,2,'2021-10-19 08:40:00','2021-10-19 09:10:00',1,'drt6317','gfhtl psngt'),(292,1,'2021-10-19 09:10:00','2021-10-19 09:20:00',0,'all4657','ijurr adgda'),(293,1,'2021-10-19 09:20:00','2021-10-19 09:50:00',1,'clw1515','poqua tmzuw'),(294,1,'2021-10-19 09:50:00','2021-10-19 10:20:00',1,'xsd8815','ibuzs zqpaj'),(295,4,'2021-10-19 10:20:00','2021-10-19 10:30:00',0,'wuj1667','nweae vthhh'),(296,2,'2021-10-19 10:30:00','2021-10-19 11:00:00',1,'ubk4531','jugzo dxlvu'),(297,2,'2021-10-19 11:00:00','2021-10-19 11:10:00',0,'ivh6277','becvf vywfe'),(298,1,'2021-10-19 11:10:00','2021-10-19 11:40:00',1,'otk7764','tjbit kopwl'),(299,3,'2021-10-19 11:40:00','2021-10-19 11:50:00',0,'oxl8266','wbctf gqyis'),(300,2,'2021-10-19 11:50:00','2021-10-19 12:00:00',0,'jxr2458','xbiqv sbmnv'),(301,3,'2021-10-19 12:00:00','2021-10-19 12:30:00',1,'wjt3737','scmcf mrvin'),(302,1,'2021-10-19 12:30:00','2021-10-19 12:40:00',0,'ghb1154','zvodb rawng'),(303,1,'2021-10-19 12:40:00','2021-10-19 12:50:00',0,'tnx4541','sjnwc hfxhs'),(304,3,'2021-10-19 12:50:00','2021-10-19 13:00:00',0,'bkz5128','mzjrs iungx'),(305,3,'2021-10-20 08:00:00','2021-10-20 08:30:00',1,'adw6412','pvnrm yufpn'),(306,4,'2021-10-20 08:30:00','2021-10-20 09:00:00',1,'cvh4772','gpvix wwcxp'),(307,4,'2021-10-20 09:00:00','2021-10-20 09:10:00',0,'fdh4145','oxctp joklc'),(308,3,'2021-10-20 09:10:00','2021-10-20 09:20:00',0,'sju6577','iuvoo msdzp'),(309,3,'2021-10-20 09:20:00','2021-10-20 09:30:00',0,'cil6312','gtcti cqgyt'),(310,2,'2021-10-20 09:30:00','2021-10-20 09:40:00',0,'rvh3441','nrmmi kfvkd'),(311,1,'2021-10-20 09:40:00','2021-10-20 09:50:00',0,'akf3722','thotb chfoc'),(312,3,'2021-10-20 09:50:00','2021-10-20 10:00:00',0,'emg7518','igoyp gksiw'),(313,4,'2021-10-20 10:00:00','2021-10-20 10:10:00',0,'krs6732','jldei wkzxz'),(314,4,'2021-10-20 10:10:00','2021-10-20 10:40:00',1,'qrm2387','txmzs pzswd'),(315,4,'2021-10-20 10:40:00','2021-10-20 10:50:00',0,'htv1138','fmeze gvbfo'),(316,1,'2021-10-20 10:50:00','2021-10-20 11:20:00',1,'rac1857','obmwh cpilj'),(317,3,'2021-10-20 11:20:00','2021-10-20 11:50:00',1,'pbj7584','vksra olief'),(318,1,'2021-10-20 11:50:00','2021-10-20 12:00:00',0,'qlz1256','iemcn thsqu'),(319,1,'2021-10-20 12:00:00','2021-10-20 12:10:00',0,'lpw7435','okimf nwlwn'),(320,4,'2021-10-20 12:10:00','2021-10-20 12:20:00',0,'epl2677','iiytc fulvm'),(321,3,'2021-10-21 08:00:00','2021-10-21 08:30:00',1,'vff4446','qtubv pfhxy'),(322,2,'2021-10-21 08:30:00','2021-10-21 09:00:00',1,'akn4636','ysbxh zpwbk'),(323,2,'2021-10-21 09:00:00','2021-10-21 09:30:00',1,'ama1441','ffdme mpnuo'),(324,1,'2021-10-21 09:30:00','2021-10-21 09:40:00',0,'ltm3848','cbvum mipet'),(325,4,'2021-10-21 09:40:00','2021-10-21 09:50:00',0,'zna6866','ewlmu kjhpn'),(326,1,'2021-10-21 09:50:00','2021-10-21 10:20:00',1,'jzn7771','skhet ptzmv'),(327,1,'2021-10-21 10:20:00','2021-10-21 10:50:00',1,'xee4216','svptx jthjk'),(328,2,'2021-10-21 10:50:00','2021-10-21 11:00:00',0,'mke1627','mgpru ktdfg'),(329,2,'2021-10-21 11:00:00','2021-10-21 11:30:00',1,'rdy6152','pdivb ambwt'),(330,1,'2021-10-21 11:30:00','2021-10-21 12:00:00',1,'jmp4715','zwhcp tejiq'),(331,4,'2021-10-21 12:00:00','2021-10-21 12:10:00',0,'fij8424','xtyqh ndzer'),(332,4,'2021-10-21 12:10:00','2021-10-21 12:40:00',1,'gqn8516','nwvxe eifkj'),(333,1,'2021-10-21 12:40:00','2021-10-21 12:50:00',0,'qss3573','iktfi dzsoy'),(334,4,'2021-10-21 12:50:00','2021-10-21 13:00:00',0,'mdu8718','wiwlg wadbe'),(335,1,'2021-10-21 13:00:00','2021-10-21 13:30:00',1,'kkf4613','lfzeu shzel'),(336,4,'2021-10-21 13:30:00','2021-10-21 13:40:00',0,'two6787','zuupp imvca'),(337,2,'2021-10-22 08:00:00','2021-10-22 08:10:00',0,'rfj1823','dwkub hendx'),(338,3,'2021-10-22 08:10:00','2021-10-22 08:20:00',0,'tul3711','qktxv drtaf'),(339,1,'2021-10-22 08:20:00','2021-10-22 08:30:00',0,'qyk3366','nfwhy brabg'),(340,3,'2021-10-22 08:30:00','2021-10-22 09:00:00',1,'bse8428','adyom qjwok'),(341,2,'2021-10-22 09:00:00','2021-10-22 09:30:00',1,'lws1448','smoaz csyrb'),(342,2,'2021-10-22 09:30:00','2021-10-22 09:40:00',0,'qqu1536','xlvpb yomql'),(343,1,'2021-10-22 09:40:00','2021-10-22 09:50:00',0,'csh7661','dgafi fvrnh'),(344,3,'2021-10-22 09:50:00','2021-10-22 10:20:00',1,'cgf2436','scdmy kturt'),(345,3,'2021-10-22 10:20:00','2021-10-22 10:30:00',0,'rbs7617','ftbst srtgb'),(346,2,'2021-10-22 10:30:00','2021-10-22 11:00:00',1,'vsx7314','ypewx kvelw'),(347,1,'2021-10-22 11:00:00','2021-10-22 11:30:00',1,'uak8387','cifrr vitts'),(348,4,'2021-10-22 11:30:00','2021-10-22 12:00:00',1,'hbl4116','izozn qyicc'),(349,3,'2021-10-22 12:00:00','2021-10-22 12:10:00',0,'fei1651','wxvln cexow'),(350,2,'2021-10-22 12:10:00','2021-10-22 12:20:00',0,'cmu8673','xzlmg hautf'),(351,2,'2021-10-22 12:20:00','2021-10-22 12:30:00',0,'gws1361','paubt anwjj'),(352,2,'2021-10-22 12:30:00','2021-10-22 12:40:00',0,'gxi1486','dodbl gvsjz'),(353,1,'2021-10-23 08:00:00','2021-10-23 08:10:00',0,'tmo3311','ufojq ouwlz'),(354,1,'2021-10-23 08:10:00','2021-10-23 08:20:00',0,'aet3658','atikv zlmly'),(355,4,'2021-10-23 08:20:00','2021-10-23 08:30:00',0,'cun6746','xcish xczrk'),(356,1,'2021-10-23 08:30:00','2021-10-23 09:00:00',1,'lmk4833','xfpdc svtza'),(357,3,'2021-10-23 09:00:00','2021-10-23 09:10:00',0,'zwx6267','tradv zgcjk'),(358,2,'2021-10-23 09:10:00','2021-10-23 09:20:00',0,'ttk3674','rgbnc telpn'),(359,2,'2021-10-23 09:20:00','2021-10-23 09:50:00',1,'ipq4274','olyyg asmgw'),(360,3,'2021-10-23 09:50:00','2021-10-23 10:20:00',1,'yrm1315','yaioi rhlet'),(361,3,'2021-10-23 10:20:00','2021-10-23 10:30:00',0,'vxa7377','fgcyk zvsos'),(362,4,'2021-10-23 10:30:00','2021-10-23 11:00:00',1,'ohh4338','wwlqz urzbu'),(363,1,'2021-10-23 11:00:00','2021-10-23 11:30:00',1,'ymt4653','ooasm mghcu'),(364,3,'2021-10-23 11:30:00','2021-10-23 12:00:00',1,'xlf3637','pnebs zwqhe'),(365,3,'2021-10-23 12:00:00','2021-10-23 12:10:00',0,'gzh3627','ccmes zaaya'),(366,4,'2021-10-23 12:10:00','2021-10-23 12:40:00',1,'qyu1467','qsdvt ymfkn'),(367,1,'2021-10-23 12:40:00','2021-10-23 13:10:00',1,'uwt7677','ukxpb bpjtw'),(368,1,'2021-10-23 13:10:00','2021-10-23 13:40:00',1,'rin1787','gmwhc hpnun'),(369,3,'2021-10-24 08:00:00','2021-10-24 08:10:00',0,'saf4232','jbdht wtegl'),(370,4,'2021-10-24 08:10:00','2021-10-24 08:40:00',1,'lhd7344','rzosq awoxb'),(371,3,'2021-10-24 08:40:00','2021-10-24 08:50:00',0,'kdx4283','iqwxw qfjkd'),(372,1,'2021-10-24 08:50:00','2021-10-24 09:00:00',0,'jzb5418','pqizf cswot'),(373,1,'2021-10-24 09:00:00','2021-10-24 09:10:00',0,'lbq7514','oqktn btaqt'),(374,4,'2021-10-24 09:10:00','2021-10-24 09:40:00',1,'hgd3662','pphnu htqda'),(375,3,'2021-10-24 09:40:00','2021-10-24 10:10:00',1,'wqz7641','nivch chmcl'),(376,1,'2021-10-24 10:10:00','2021-10-24 10:40:00',1,'dax4712','zvulm angtp'),(377,2,'2021-10-24 10:40:00','2021-10-24 10:50:00',0,'ciy6381','giulq usvzx'),(378,4,'2021-10-24 10:50:00','2021-10-24 11:00:00',0,'yxq3385','twiyl mawrq'),(379,3,'2021-10-24 11:00:00','2021-10-24 11:10:00',0,'nts8285','hjidh fjfbo'),(380,4,'2021-10-24 11:10:00','2021-10-24 11:40:00',1,'jeb1137','fwaio mvvqn'),(381,1,'2021-10-24 11:40:00','2021-10-24 11:50:00',0,'szz7448','sprjp kspvm'),(382,2,'2021-10-24 11:50:00','2021-10-24 12:00:00',0,'hsy6878','kdxjy uydvt'),(383,3,'2021-10-24 12:00:00','2021-10-24 12:10:00',0,'hrb4216','vugbr tlgju'),(384,3,'2021-10-24 12:10:00','2021-10-24 12:20:00',0,'jtv2753','pewfh prryu'),(385,1,'2021-10-25 08:00:00','2021-10-25 08:10:00',0,'eil4664','rpjvn slnie'),(386,1,'2021-10-25 08:10:00','2021-10-25 08:20:00',0,'yoi4666','vacya zhmaj'),(387,1,'2021-10-25 08:20:00','2021-10-25 08:30:00',0,'qhv4316','iokar gcshp'),(388,1,'2021-10-25 08:30:00','2021-10-25 09:00:00',1,'dtq6422','akouu skoqa'),(389,1,'2021-10-25 09:00:00','2021-10-25 09:30:00',1,'onb5266','tjcop fkqbk'),(390,2,'2021-10-25 09:30:00','2021-10-25 09:40:00',0,'vzu2714','kmqrq ictbx'),(391,1,'2021-10-25 09:40:00','2021-10-25 10:10:00',1,'ukf5558','swvxo yfnjt'),(392,4,'2021-10-25 10:10:00','2021-10-25 10:20:00',0,'rsw6557','lbfzc kgdgg'),(393,3,'2021-10-25 10:20:00','2021-10-25 10:50:00',1,'caa2843','pnrup oitqy'),(394,1,'2021-10-25 10:50:00','2021-10-25 11:00:00',0,'eir7131','fgyql ugyfh'),(395,1,'2021-10-25 11:00:00','2021-10-25 11:10:00',0,'znb5857','nuewa zxbus'),(396,1,'2021-10-25 11:10:00','2021-10-25 11:20:00',0,'dvz4267','njbes ohqfb'),(397,2,'2021-10-25 11:20:00','2021-10-25 11:30:00',0,'aot4267','kvotq qbrpl'),(398,4,'2021-10-25 11:30:00','2021-10-25 12:00:00',1,'iqz1725','swtfe jvsoa'),(399,1,'2021-10-25 12:00:00','2021-10-25 12:10:00',0,'buf4125','wzvkg wqyai'),(400,2,'2021-10-25 12:10:00','2021-10-25 12:40:00',1,'tmy1343','zbdjk bafln'),(401,1,'2021-10-26 08:00:00','2021-10-26 08:30:00',1,'yej7572','owkcm cfbzo'),(402,4,'2021-10-26 08:30:00','2021-10-26 09:00:00',1,'dya3278','mbedl jgmgj'),(403,4,'2021-10-26 09:00:00','2021-10-26 09:10:00',0,'epc8727','yzgeo jhpvp'),(404,3,'2021-10-26 09:10:00','2021-10-26 09:20:00',0,'omk6488','daerr flgww'),(405,3,'2021-10-26 09:20:00','2021-10-26 09:50:00',1,'smr4888','anuuf uzzqo'),(406,2,'2021-10-26 09:50:00','2021-10-26 10:20:00',1,'ect3423','xbpea pylxt'),(407,4,'2021-10-26 10:20:00','2021-10-26 10:50:00',1,'jtu4111','qbguu kkehg'),(408,4,'2021-10-26 10:50:00','2021-10-26 11:20:00',1,'xhv1548','mqfqr ajtbw'),(409,4,'2021-10-26 11:20:00','2021-10-26 11:50:00',1,'dst1336','kqrlk joxxx'),(410,3,'2021-10-26 11:50:00','2021-10-26 12:00:00',0,'nxy6234','kquhn wzclw'),(411,2,'2021-10-26 12:00:00','2021-10-26 12:30:00',1,'nmu6763','mfvac smmhp'),(412,1,'2021-10-26 12:30:00','2021-10-26 12:40:00',0,'izd1658','xasac thlww'),(413,3,'2021-10-26 12:40:00','2021-10-26 12:50:00',0,'kyy6557','bwzwe ermdx'),(414,2,'2021-10-26 12:50:00','2021-10-26 13:00:00',0,'tbz8758','cjukz wqjei'),(415,4,'2021-10-26 13:00:00','2021-10-26 13:10:00',0,'ydk1143','brqgr ysnov'),(416,3,'2021-10-26 13:10:00','2021-10-26 13:40:00',1,'sqj6545','dundm njqzx'),(417,4,'2021-10-27 08:00:00','2021-10-27 08:10:00',0,'awn8165','obpeu acnin'),(418,1,'2021-10-27 08:10:00','2021-10-27 08:40:00',1,'aao2726','lxpjt hdlvh'),(419,2,'2021-10-27 08:40:00','2021-10-27 09:10:00',1,'ros3471','abcpg wvluk'),(420,1,'2021-10-27 09:10:00','2021-10-27 09:20:00',0,'zuv2216','inxvg uvgkl'),(421,1,'2021-10-27 09:20:00','2021-10-27 09:50:00',1,'gqq1338','axptk iffsl'),(422,4,'2021-10-27 09:50:00','2021-10-27 10:20:00',1,'zih2211','ncywy egytq'),(423,4,'2021-10-27 10:20:00','2021-10-27 10:30:00',0,'iub4185','dxctx rjlmc'),(424,3,'2021-10-27 10:30:00','2021-10-27 10:40:00',0,'sxi2782','dxpfn noqhb'),(425,4,'2021-10-27 10:40:00','2021-10-27 11:10:00',1,'ovp2318','skven mtzsj'),(426,2,'2021-10-27 11:10:00','2021-10-27 11:20:00',0,'odq8465','xmjlo ygond'),(427,2,'2021-10-27 11:20:00','2021-10-27 11:30:00',0,'brm1846','knwio pntdz'),(428,3,'2021-10-27 11:30:00','2021-10-27 12:00:00',1,'zvs8371','nbvti ikang'),(429,1,'2021-10-27 12:00:00','2021-10-27 12:10:00',0,'sph7476','nfxby ijmip'),(430,4,'2021-10-27 12:10:00','2021-10-27 12:40:00',1,'lum6275','bobyy gphjs'),(431,2,'2021-10-27 12:40:00','2021-10-27 13:10:00',1,'kwl5722','nidps ycjbt'),(432,3,'2021-10-27 13:10:00','2021-10-27 13:20:00',0,'ova2717','qektr cgoza'),(433,4,'2021-10-28 08:00:00','2021-10-28 08:30:00',1,'xic3263','cibtz bnsuu'),(434,3,'2021-10-28 08:30:00','2021-10-28 08:40:00',0,'gvd6121','rqgrl keqtm'),(435,1,'2021-10-28 08:40:00','2021-10-28 09:10:00',1,'kgy7684','zlvxf zywgl'),(436,1,'2021-10-28 09:10:00','2021-10-28 09:40:00',1,'dgz4125','xucwf nbwss'),(437,2,'2021-10-28 09:40:00','2021-10-28 09:50:00',0,'vac1788','psxeh hjwmo'),(438,3,'2021-10-28 09:50:00','2021-10-28 10:20:00',1,'lcf3134','pntvl znoyg'),(439,3,'2021-10-28 10:20:00','2021-10-28 10:30:00',0,'ohx8451','rfxya dmkpt'),(440,1,'2021-10-28 10:30:00','2021-10-28 11:00:00',1,'dap8584','qugkj qanzu'),(441,2,'2021-10-28 11:00:00','2021-10-28 11:30:00',1,'gcq3877','azfno hddql'),(442,4,'2021-10-28 11:30:00','2021-10-28 12:00:00',1,'pap2422','tvnwy domuk'),(443,2,'2021-10-28 12:00:00','2021-10-28 12:10:00',0,'hfx4245','izpml vcbdx'),(444,1,'2021-10-28 12:10:00','2021-10-28 12:20:00',0,'stc6158','hxwno ppwhl'),(445,4,'2021-10-28 12:20:00','2021-10-28 12:50:00',1,'jid1325','rtzlk trxsn'),(446,1,'2021-10-28 12:50:00','2021-10-28 13:20:00',1,'qem4716','mavij sgztu'),(447,1,'2021-10-28 13:20:00','2021-10-28 13:30:00',0,'cel4838','gjwut kisgy'),(448,2,'2021-10-28 13:30:00','2021-10-28 14:00:00',1,'nfs3834','hnlff gstmt'),(449,3,'2021-10-29 08:00:00','2021-10-29 08:30:00',1,'knc8547','ngvus suwwr'),(450,2,'2021-10-29 08:30:00','2021-10-29 09:00:00',1,'ryt2735','zrgxz liqhq'),(451,2,'2021-10-29 09:00:00','2021-10-29 09:10:00',0,'oxr7372','vuglc wcnis'),(452,4,'2021-10-29 09:10:00','2021-10-29 09:20:00',0,'xsr6576','csymj muhgg'),(453,4,'2021-10-29 09:20:00','2021-10-29 09:30:00',0,'yen7751','ltwqy vscge'),(454,1,'2021-10-29 09:30:00','2021-10-29 09:40:00',0,'olg1655','lryrb inugk'),(455,4,'2021-10-29 09:40:00','2021-10-29 10:10:00',1,'app6847','skofh sqrwn'),(456,4,'2021-10-29 10:10:00','2021-10-29 10:40:00',1,'tvq1724','ggccb nvedi'),(457,4,'2021-10-29 10:40:00','2021-10-29 11:10:00',1,'cos6254','kfrtu fhbfh'),(458,4,'2021-10-29 11:10:00','2021-10-29 11:20:00',0,'hby1648','izqur nmqet'),(459,3,'2021-10-29 11:20:00','2021-10-29 11:50:00',1,'pda2232','kqjsr jxsnh'),(460,2,'2021-10-29 11:50:00','2021-10-29 12:20:00',1,'opx1783','viqpu tyawd'),(461,2,'2021-10-29 12:20:00','2021-10-29 12:50:00',1,'oxr1314','ohocu yjxsy'),(462,2,'2021-10-29 12:50:00','2021-10-29 13:20:00',1,'jyq4378','fhsrm nyshm'),(463,4,'2021-10-29 13:20:00','2021-10-29 13:30:00',0,'zkw6248','ninbt hqyny'),(464,2,'2021-10-29 13:30:00','2021-10-29 13:40:00',0,'ndh2316','zvtlq utyan'),(465,4,'2021-10-30 08:00:00','2021-10-30 08:30:00',1,'nrv2458','hfdma ivpqe'),(466,4,'2021-10-30 08:30:00','2021-10-30 08:40:00',0,'lcw8118','vpsbw rtmsn'),(467,1,'2021-10-30 08:40:00','2021-10-30 08:50:00',0,'ahk3362','jepde mcnrf'),(468,2,'2021-10-30 08:50:00','2021-10-30 09:20:00',1,'tqr2687','luylv mlofn'),(469,1,'2021-10-30 09:20:00','2021-10-30 09:30:00',0,'mfu2338','poana aeufe'),(470,2,'2021-10-30 09:30:00','2021-10-30 10:00:00',1,'ooa6162','vwrjg ywrvn'),(471,3,'2021-10-30 10:00:00','2021-10-30 10:30:00',1,'mwq8652','gbcqi vtnfq'),(472,4,'2021-10-30 10:30:00','2021-10-30 11:00:00',1,'fbz5458','azpef hwbtg'),(473,3,'2021-10-30 11:00:00','2021-10-30 11:10:00',0,'fca7188','uvdmh wdkcd'),(474,2,'2021-10-30 11:10:00','2021-10-30 11:40:00',1,'jdz1674','mzapw egjdy'),(475,1,'2021-10-30 11:40:00','2021-10-30 11:50:00',0,'atn5542','bqkps vrjus'),(476,3,'2021-10-30 11:50:00','2021-10-30 12:00:00',0,'jdo1775','qdsuo wuzbm'),(477,2,'2021-10-30 12:00:00','2021-10-30 12:30:00',1,'ugk4125','pjzsk wtybp'),(478,2,'2021-10-30 12:30:00','2021-10-30 12:40:00',0,'wlg7621','hahww hvlbf'),(479,4,'2021-10-30 12:40:00','2021-10-30 12:50:00',0,'uqe3848','efaun thrxi'),(480,3,'2021-10-30 12:50:00','2021-10-30 13:00:00',0,'hfp5434','kvshe ghcxa');
/*!40000 ALTER TABLE `registration` ENABLE KEYS */;
UNLOCK TABLES;

--
-- Table structure for table `registration_reason_assoc`
--

DROP TABLE IF EXISTS `registration_reason_assoc`;
/*!40101 SET @saved_cs_client     = @@character_set_client */;
/*!50503 SET character_set_client = utf8mb4 */;
CREATE TABLE `registration_reason_assoc` (
  `registration_id` int(11) NOT NULL,
  `reason_id` int(11) NOT NULL,
  PRIMARY KEY (`registration_id`,`reason_id`),
  KEY `registrationReasonAssoc_reason_fk` (`reason_id`),
  CONSTRAINT `registrationReasonAssoc_reason_fk` FOREIGN KEY (`reason_id`) REFERENCES `reason` (`reason_id`),
  CONSTRAINT `registrationReasonAssoc_registration_fk` FOREIGN KEY (`registration_id`) REFERENCES `registration` (`registration_id`)
) ENGINE=InnoDB DEFAULT CHARSET=utf8;
/*!40101 SET character_set_client = @saved_cs_client */;

--
-- Dumping data for table `registration_reason_assoc`
--

LOCK TABLES `registration_reason_assoc` WRITE;
/*!40000 ALTER TABLE `registration_reason_assoc` DISABLE KEYS */;
INSERT INTO `registration_reason_assoc` VALUES (2,1),(9,1),(10,1),(14,1),(15,1),(17,1),(19,1),(20,1),(21,1),(23,1),(27,1),(29,1),(30,1),(31,1),(34,1),(42,1),(52,1),(53,1),(55,1),(59,1),(60,1),(61,1),(63,1),(65,1),(66,1),(68,1),(69,1),(73,1),(74,1),(82,1),(87,1),(89,1),(90,1),(93,1),(97,1),(98,1),(99,1),(101,1),(102,1),(103,1),(105,1),(106,1),(110,1),(112,1),(118,1),(120,1),(123,1),(124,1),(128,1),(129,1),(131,1),(133,1),(134,1),(137,1),(138,1),(139,1),(140,1),(142,1),(145,1),(148,1),(149,1),(152,1),(154,1),(155,1),(158,1),(161,1),(163,1),(164,1),(165,1),(166,1),(170,1),(173,1),(174,1),(180,1),(182,1),(186,1),(188,1),(191,1),(200,1),(204,1),(208,1),(214,1),(217,1),(220,1),(224,1),(226,1),(227,1),(229,1),(230,1),(232,1),(234,1),(235,1),(236,1),(248,1),(252,1),(261,1),(264,1),(266,1),(269,1),(270,1),(272,1),(275,1),(277,1),(278,1),(284,1),(288,1),(290,1),(291,1),(292,1),(295,1),(296,1),(301,1),(303,1),(305,1),(307,1),(308,1),(309,1),(313,1),(315,1),(316,1),(317,1),(318,1),(319,1),(320,1),(323,1),(325,1),(333,1),(343,1),(344,1),(345,1),(346,1),(354,1),(355,1),(360,1),(362,1),(367,1),(369,1),(370,1),(372,1),(373,1),(377,1),(379,1),(383,1),(386,1),(388,1),(389,1),(390,1),(391,1),(393,1),(394,1),(396,1),(397,1),(401,1),(408,1),(412,1),(414,1),(415,1),(416,1),(418,1),(419,1),(422,1),(424,1),(429,1),(430,1),(432,1),(436,1),(440,1),(442,1),(443,1),(444,1),(451,1),(452,1),(453,1),(458,1),(459,1),(461,1),(464,1),(472,1),(473,1),(475,1),(477,1),(478,1),(1,2),(2,2),(3,2),(5,2),(6,2),(7,2),(12,2),(13,2),(14,2),(15,2),(22,2),(23,2),(24,2),(27,2),(28,2),(33,2),(34,2),(35,2),(36,2),(38,2),(42,2),(43,2),(44,2),(45,2),(46,2),(48,2),(50,2),(51,2),(55,2),(56,2),(57,2),(58,2),(60,2),(64,2),(67,2),(68,2),(69,2),(70,2),(71,2),(72,2),(75,2),(76,2),(77,2),(78,2),(79,2),(80,2),(85,2),(86,2),(87,2),(90,2),(91,2),(92,2),(94,2),(95,2),(96,2),(99,2),(101,2),(102,2),(103,2),(105,2),(108,2),(110,2),(111,2),(113,2),(115,2),(118,2),(119,2),(122,2),(123,2),(125,2),(126,2),(131,2),(134,2),(135,2),(136,2),(143,2),(150,2),(151,2),(154,2),(157,2),(158,2),(160,2),(161,2),(162,2),(170,2),(175,2),(180,2),(181,2),(182,2),(183,2),(184,2),(185,2),(188,2),(189,2),(190,2),(194,2),(196,2),(199,2),(203,2),(205,2),(207,2),(208,2),(209,2),(210,2),(212,2),(216,2),(218,2),(219,2),(222,2),(225,2),(226,2),(228,2),(231,2),(238,2),(239,2),(244,2),(246,2),(247,2),(249,2),(250,2),(251,2),(254,2),(255,2),(256,2),(260,2),(262,2),(267,2),(271,2),(274,2),(275,2),(277,2),(279,2),(280,2),(281,2),(282,2),(283,2),(285,2),(286,2),(287,2),(289,2),(290,2),(293,2),(294,2),(295,2),(300,2),(302,2),(304,2),(306,2),(307,2),(308,2),(312,2),(313,2),(319,2),(322,2),(325,2),(326,2),(327,2),(329,2),(330,2),(331,2),(338,2),(340,2),(341,2),(342,2),(349,2),(351,2),(353,2),(354,2),(357,2),(358,2),(363,2),(364,2),(365,2),(367,2),(368,2),(371,2),(373,2),(374,2),(377,2),(378,2),(381,2),(384,2),(386,2),(387,2),(388,2),(389,2),(395,2),(396,2),(398,2),(399,2),(400,2),(402,2),(406,2),(408,2),(410,2),(411,2),(412,2),(415,2),(417,2),(418,2),(420,2),(421,2),(423,2),(425,2),(427,2),(428,2),(430,2),(434,2),(435,2),(437,2),(439,2),(440,2),(441,2),(446,2),(450,2),(451,2),(452,2),(454,2),(457,2),(460,2),(462,2),(463,2),(464,2),(467,2),(468,2),(470,2),(471,2),(474,2),(476,2),(479,2),(4,3),(6,3),(7,3),(10,3),(13,3),(16,3),(18,3),(20,3),(22,3),(24,3),(26,3),(28,3),(29,3),(32,3),(38,3),(39,3),(40,3),(43,3),(47,3),(52,3),(54,3),(56,3),(58,3),(64,3),(65,3),(67,3),(70,3),(72,3),(73,3),(74,3),(78,3),(79,3),(84,3),(88,3),(89,3),(92,3),(95,3),(98,3),(100,3),(104,3),(109,3),(112,3),(114,3),(116,3),(119,3),(120,3),(124,3),(125,3),(128,3),(132,3),(135,3),(136,3),(137,3),(139,3),(140,3),(141,3),(144,3),(146,3),(148,3),(149,3),(151,3),(153,3),(160,3),(163,3),(165,3),(168,3),(169,3),(171,3),(172,3),(176,3),(177,3),(179,3),(184,3),(186,3),(187,3),(189,3),(190,3),(191,3),(192,3),(193,3),(194,3),(200,3),(201,3),(204,3),(206,3),(211,3),(214,3),(215,3),(217,3),(219,3),(225,3),(228,3),(231,3),(232,3),(234,3),(235,3),(236,3),(237,3),(238,3),(243,3),(244,3),(245,3),(248,3),(251,3),(253,3),(256,3),(259,3),(262,3),(263,3),(264,3),(273,3),(276,3),(280,3),(282,3),(284,3),(286,3),(289,3),(292,3),(298,3),(300,3),(301,3),(306,3),(311,3),(315,3),(316,3),(317,3),(321,3),(322,3),(324,3),(328,3),(333,3),(339,3),(340,3),(342,3),(346,3),(348,3),(350,3),(351,3),(352,3),(360,3),(363,3),(365,3),(366,3),(368,3),(370,3),(375,3),(376,3),(379,3),(382,3),(390,3),(393,3),(395,3),(397,3),(402,3),(403,3),(404,3),(405,3),(409,3),(411,3),(414,3),(424,3),(426,3),(431,3),(433,3),(435,3),(436,3),(438,3),(441,3),(442,3),(445,3),(453,3),(456,3),(460,3),(462,3),(465,3),(466,3),(467,3),(468,3),(474,3),(477,3),(480,3),(5,4),(8,4),(11,4),(25,4),(33,4),(35,4),(36,4),(37,4),(41,4),(46,4),(48,4),(49,4),(51,4),(57,4),(62,4),(71,4),(76,4),(77,4),(80,4),(81,4),(83,4),(96,4),(107,4),(108,4),(111,4),(113,4),(115,4),(117,4),(121,4),(122,4),(126,4),(127,4),(130,4),(147,4),(150,4),(156,4),(159,4),(162,4),(167,4),(175,4),(178,4),(181,4),(195,4),(197,4),(198,4),(199,4),(202,4),(205,4),(207,4),(209,4),(213,4),(216,4),(221,4),(222,4),(223,4),(233,4),(240,4),(241,4),(242,4),(247,4),(249,4),(250,4),(257,4),(258,4),(265,4),(267,4),(268,4),(271,4),(279,4),(283,4),(285,4),(287,4),(294,4),(297,4),(299,4),(310,4),(314,4),(326,4),(329,4),(330,4),(332,4),(334,4),(335,4),(336,4),(337,4),(341,4),(347,4),(349,4),(356,4),(357,4),(359,4),(361,4),(371,4),(380,4),(385,4),(387,4),(392,4),(400,4),(406,4),(407,4),(413,4),(417,4),(420,4),(423,4),(425,4),(427,4),(428,4),(446,4),(447,4),(448,4),(449,4),(450,4),(454,4),(455,4),(457,4),(463,4),(469,4),(471,4),(476,4);
/*!40000 ALTER TABLE `registration_reason_assoc` ENABLE KEYS */;
UNLOCK TABLES;

--
-- Table structure for table `walk_in_hour`
--

DROP TABLE IF EXISTS `walk_in_hour`;
/*!40101 SET @saved_cs_client     = @@character_set_client */;
/*!50503 SET character_set_client = utf8mb4 */;
CREATE TABLE `walk_in_hour` (
  `id` int(11) NOT NULL AUTO_INCREMENT,
  `advisor_id` int(11) NOT NULL,
  `start_time` time NOT NULL,
  `end_time` time NOT NULL,
  `weekday` char(3) NOT NULL,
  PRIMARY KEY (`id`),
  KEY `walkInHour_advisor_fk` (`advisor_id`),
  CONSTRAINT `walkInHour_advisor_fk` FOREIGN KEY (`advisor_id`) REFERENCES `advisor` (`advisor_id`) ON DELETE CASCADE ON UPDATE CASCADE
) ENGINE=InnoDB AUTO_INCREMENT=5 DEFAULT CHARSET=utf8;
/*!40101 SET character_set_client = @saved_cs_client */;

--
-- Dumping data for table `walk_in_hour`
--

LOCK TABLES `walk_in_hour` WRITE;
/*!40000 ALTER TABLE `walk_in_hour` DISABLE KEYS */;
INSERT INTO `walk_in_hour` VALUES (1,1,'14:00:00','15:30:00','Mon'),(2,2,'13:00:00','14:00:00','Fri'),(3,3,'14:30:00','15:30:00','Wed'),(4,4,'13:00:00','15:00:00','Tue');
/*!40000 ALTER TABLE `walk_in_hour` ENABLE KEYS */;
UNLOCK TABLES;
/*!40103 SET TIME_ZONE=@OLD_TIME_ZONE */;

/*!40101 SET SQL_MODE=@OLD_SQL_MODE */;
/*!40014 SET FOREIGN_KEY_CHECKS=@OLD_FOREIGN_KEY_CHECKS */;
/*!40014 SET UNIQUE_CHECKS=@OLD_UNIQUE_CHECKS */;
/*!40101 SET CHARACTER_SET_CLIENT=@OLD_CHARACTER_SET_CLIENT */;
/*!40101 SET CHARACTER_SET_RESULTS=@OLD_CHARACTER_SET_RESULTS */;
/*!40101 SET COLLATION_CONNECTION=@OLD_COLLATION_CONNECTION */;
/*!40111 SET SQL_NOTES=@OLD_SQL_NOTES */;

-- Dump completed on 2021-11-02 21:42:57
